-- MariaDB dump 10.19  Distrib 10.6.5-MariaDB, for Win64 (AMD64)
--
-- Host: localhost    Database: tubes_basdat
-- ------------------------------------------------------
-- Server version	10.6.5-MariaDB

/*!40101 SET @OLD_CHARACTER_SET_CLIENT=@@CHARACTER_SET_CLIENT */;
/*!40101 SET @OLD_CHARACTER_SET_RESULTS=@@CHARACTER_SET_RESULTS */;
/*!40101 SET @OLD_COLLATION_CONNECTION=@@COLLATION_CONNECTION */;
/*!40101 SET NAMES utf8mb4 */;
/*!40103 SET @OLD_TIME_ZONE=@@TIME_ZONE */;
/*!40103 SET TIME_ZONE='+00:00' */;
/*!40014 SET @OLD_UNIQUE_CHECKS=@@UNIQUE_CHECKS, UNIQUE_CHECKS=0 */;
/*!40014 SET @OLD_FOREIGN_KEY_CHECKS=@@FOREIGN_KEY_CHECKS, FOREIGN_KEY_CHECKS=0 */;
/*!40101 SET @OLD_SQL_MODE=@@SQL_MODE, SQL_MODE='NO_AUTO_VALUE_ON_ZERO' */;
/*!40111 SET @OLD_SQL_NOTES=@@SQL_NOTES, SQL_NOTES=0 */;

--
-- Current Database: `tubes_basdat`
--

CREATE DATABASE /*!32312 IF NOT EXISTS*/ `tubes_basdat` /*!40100 DEFAULT CHARACTER SET latin1 */;

USE `tubes_basdat`;

--
-- Table structure for table `batch_vaksin`
--

DROP TABLE IF EXISTS `batch_vaksin`;
/*!40101 SET @saved_cs_client     = @@character_set_client */;
/*!40101 SET character_set_client = utf8 */;
CREATE TABLE `batch_vaksin` (
  `ID` int(10) unsigned NOT NULL AUTO_INCREMENT,
  `Jumlah_Tersedia` int(10) unsigned NOT NULL,
  `Jumlah_Terpakai` int(10) unsigned NOT NULL,
  `Tanggal_Kadaluarsa` date NOT NULL,
  `ID_Fasilitas_Kesehatan` int(10) unsigned NOT NULL,
  `ID_Jenis_Vaksin` int(10) unsigned NOT NULL,
  PRIMARY KEY (`ID`),
  KEY `ID_Fasilitas_Kesehatan` (`ID_Fasilitas_Kesehatan`),
  KEY `ID_Jenis_Vaksin` (`ID_Jenis_Vaksin`),
  CONSTRAINT `batch_vaksin_ibfk_1` FOREIGN KEY (`ID_Fasilitas_Kesehatan`) REFERENCES `fasilitas_kesehatan` (`ID`) ON DELETE CASCADE,
  CONSTRAINT `batch_vaksin_ibfk_2` FOREIGN KEY (`ID_Jenis_Vaksin`) REFERENCES `jenis_vaksin` (`ID`) ON DELETE CASCADE
) ENGINE=InnoDB AUTO_INCREMENT=101 DEFAULT CHARSET=latin1;
/*!40101 SET character_set_client = @saved_cs_client */;

--
-- Dumping data for table `batch_vaksin`
--

LOCK TABLES `batch_vaksin` WRITE;
/*!40000 ALTER TABLE `batch_vaksin` DISABLE KEYS */;
INSERT INTO `batch_vaksin` (`ID`, `Jumlah_Tersedia`, `Jumlah_Terpakai`, `Tanggal_Kadaluarsa`, `ID_Fasilitas_Kesehatan`, `ID_Jenis_Vaksin`) VALUES (1,440,11,'2028-09-01',10,7),(2,444,1,'2028-09-01',33,11),(3,200,5,'2025-04-06',77,11),(4,200,7,'2028-11-12',56,9),(5,560,15,'2027-06-15',97,8),(6,109,9,'2025-07-27',60,3),(7,230,0,'2023-04-16',29,4),(8,210,6,'2024-06-23',47,3),(9,125,17,'2027-10-02',23,3),(10,201,8,'2025-12-24',86,7),(11,100,1,'2028-09-26',27,12),(12,310,19,'2028-06-29',5,6),(13,430,13,'2028-02-19',81,11),(14,340,8,'2027-12-31',72,7),(15,200,8,'2023-06-01',9,5),(16,167,20,'2025-12-09',18,9),(17,113,4,'2023-01-13',89,12),(18,310,11,'2029-11-11',50,10),(19,450,7,'2026-10-09',82,12),(20,0,18,'2022-08-14',53,3),(21,40,11,'2022-02-24',17,7),(22,260,1,'2028-06-28',47,12),(23,230,20,'2024-02-11',59,12),(24,90,10,'2022-11-14',33,8),(25,143,16,'2022-10-09',26,1),(26,200,5,'2029-09-29',84,6),(27,300,16,'2029-11-14',14,10),(28,88,11,'2026-08-05',61,4),(29,160,14,'2027-09-08',42,3),(30,186,18,'2027-01-31',50,5),(31,100,7,'2025-03-11',42,1),(32,248,6,'2026-03-28',72,4),(33,244,11,'2026-07-16',96,2),(34,199,8,'2027-07-15',44,2),(35,169,13,'2028-06-13',71,10),(36,200,3,'2024-11-15',57,5),(37,209,8,'2026-02-09',65,6),(38,170,7,'2025-02-10',3,3),(39,246,13,'2023-02-05',42,6),(40,120,11,'2025-12-17',37,12),(41,240,3,'2025-09-03',27,8),(42,160,20,'2024-03-04',63,7),(43,0,16,'2027-12-18',62,8),(44,173,12,'2027-03-16',37,12),(45,175,4,'2024-02-12',8,12),(46,102,19,'2027-12-25',34,6),(47,193,16,'2029-07-04',52,6),(48,366,16,'2023-04-07',32,9),(49,446,16,'2028-07-25',80,12),(50,400,18,'2027-04-09',19,2),(51,99,1,'2029-12-05',61,9),(52,198,5,'2027-02-22',59,4),(53,145,6,'2022-08-10',69,12),(54,183,13,'2028-02-06',5,7),(55,200,13,'2022-09-09',84,3),(56,177,7,'2025-10-04',6,11),(57,480,19,'2024-07-13',8,10),(58,350,19,'2024-10-11',96,7),(59,310,1,'2024-01-23',21,1),(60,112,16,'2025-02-10',61,8),(61,156,19,'2024-03-21',59,7),(62,92,17,'2022-12-30',2,10),(63,200,19,'2027-04-24',28,6),(64,230,16,'2026-08-03',11,6),(65,141,7,'2027-05-09',91,11),(66,185,16,'2023-11-14',63,9),(67,420,15,'2027-05-24',32,9),(68,192,1,'2023-06-04',41,3),(69,300,2,'2025-05-10',69,6),(70,420,10,'2024-12-04',94,4),(71,100,0,'2027-02-03',98,8),(72,310,0,'2025-06-30',59,7),(73,389,0,'2026-08-02',36,4),(74,400,0,'2023-12-09',29,3),(75,447,0,'2026-09-07',64,11),(76,190,0,'2022-10-25',99,10),(77,288,0,'2029-10-03',94,11),(78,197,0,'2025-12-12',40,11),(79,146,0,'2028-10-17',63,1),(80,210,0,'2026-08-21',83,6),(81,310,0,'2029-12-01',11,1),(82,199,0,'2023-03-21',93,6),(83,100,0,'2024-04-11',88,9),(84,213,0,'2025-12-10',49,6),(85,223,0,'2024-08-25',7,5),(86,490,0,'2022-08-21',45,10),(87,100,0,'2028-10-07',21,2),(88,210,0,'2026-04-03',32,1),(89,130,0,'2027-01-30',61,10),(90,310,0,'2029-09-10',73,12),(91,110,0,'2022-05-15',68,3),(92,500,0,'2029-02-11',9,6),(93,166,0,'2024-06-02',46,2),(94,370,0,'2023-03-09',79,12),(95,100,0,'2029-01-27',89,4),(96,188,0,'2028-02-09',92,10),(97,100,0,'2024-03-06',60,12),(98,550,0,'2024-02-24',31,1),(99,270,0,'2028-04-13',11,4),(100,190,0,'2026-05-05',44,7);
/*!40000 ALTER TABLE `batch_vaksin` ENABLE KEYS */;
UNLOCK TABLES;

--
-- Table structure for table `counter_effect`
--

DROP TABLE IF EXISTS `counter_effect`;
/*!40101 SET @saved_cs_client     = @@character_set_client */;
/*!40101 SET character_set_client = utf8 */;
CREATE TABLE `counter_effect` (
  `ID_Jenis_Vaksin` int(10) unsigned NOT NULL,
  `ID_Penyakit` int(10) unsigned NOT NULL,
  PRIMARY KEY (`ID_Jenis_Vaksin`,`ID_Penyakit`),
  KEY `ID_Penyakit` (`ID_Penyakit`),
  CONSTRAINT `counter_effect_ibfk_1` FOREIGN KEY (`ID_Jenis_Vaksin`) REFERENCES `jenis_vaksin` (`ID`) ON DELETE CASCADE,
  CONSTRAINT `counter_effect_ibfk_2` FOREIGN KEY (`ID_Penyakit`) REFERENCES `penyakit` (`ID`) ON DELETE CASCADE
) ENGINE=InnoDB DEFAULT CHARSET=latin1;
/*!40101 SET character_set_client = @saved_cs_client */;

--
-- Dumping data for table `counter_effect`
--

LOCK TABLES `counter_effect` WRITE;
/*!40000 ALTER TABLE `counter_effect` DISABLE KEYS */;
INSERT INTO `counter_effect` (`ID_Jenis_Vaksin`, `ID_Penyakit`) VALUES (1,5),(1,7),(1,11),(1,21),(1,25),(1,27),(1,35),(1,37),(1,38),(1,40),(1,47),(1,74),(1,75),(1,87),(1,98),(2,1),(2,2),(2,11),(2,13),(2,25),(2,26),(2,32),(2,40),(2,41),(2,59),(2,68),(2,78),(2,81),(2,82),(2,93),(3,21),(3,22),(3,25),(3,32),(3,37),(3,50),(3,62),(3,65),(3,69),(3,73),(3,79),(3,82),(3,92),(3,93),(4,6),(4,10),(4,15),(4,21),(4,30),(4,42),(4,59),(4,73),(4,76),(5,6),(5,16),(5,32),(5,35),(5,37),(5,38),(5,47),(5,50),(5,51),(5,52),(5,61),(5,67),(5,72),(5,76),(5,87),(5,88),(5,90),(5,93),(5,94),(5,98),(5,100),(6,1),(6,2),(6,13),(6,16),(6,31),(6,38),(6,51),(6,55),(6,59),(6,60),(6,61),(6,65),(6,67),(6,68),(6,80),(6,84),(6,90),(6,92),(6,94),(6,95),(6,100),(7,5),(7,11),(7,14),(7,31),(7,52),(7,54),(7,57),(7,64),(7,70),(7,74),(7,80),(7,86),(7,98),(8,2),(8,6),(8,7),(8,21),(8,24),(8,26),(8,29),(8,36),(8,39),(8,41),(8,44),(8,74),(8,78),(9,5),(9,26),(9,32),(9,35),(9,59),(9,63),(9,66),(9,68),(9,71),(9,78),(9,81),(9,89),(9,93),(9,100),(10,6),(10,7),(10,11),(10,14),(10,31),(10,38),(10,40),(10,50),(10,51),(10,70),(10,74),(10,79),(10,80),(10,82),(10,87),(10,88),(10,89),(10,91),(11,1),(11,10),(11,14),(11,17),(11,18),(11,34),(11,47),(11,48),(11,57),(11,62),(11,63),(11,64),(11,67),(11,84),(11,85),(11,90),(11,95),(11,98),(12,1),(12,2),(12,5),(12,13),(12,15),(12,29),(12,31),(12,34),(12,35),(12,42),(12,51),(12,52),(12,54),(12,55),(12,60),(12,72),(12,77),(12,79),(12,81),(12,84),(12,86),(12,87),(12,89),(12,90),(12,99);
/*!40000 ALTER TABLE `counter_effect` ENABLE KEYS */;
UNLOCK TABLES;

--
-- Table structure for table `divaksin`
--

DROP TABLE IF EXISTS `divaksin`;
/*!40101 SET @saved_cs_client     = @@character_set_client */;
/*!40101 SET character_set_client = utf8 */;
CREATE TABLE `divaksin` (
  `NIK` varchar(16) NOT NULL,
  `ID_Batch_Vaksin` int(10) unsigned NOT NULL,
  `Tahap_Vaksin` enum('Vaksin pertama','Vaksin kedua','Vaksin ketiga') NOT NULL,
  `Tanggal_Vaksin` date DEFAULT curdate(),
  PRIMARY KEY (`NIK`,`ID_Batch_Vaksin`),
  KEY `ID_Batch_Vaksin` (`ID_Batch_Vaksin`),
  CONSTRAINT `divaksin_ibfk_1` FOREIGN KEY (`NIK`) REFERENCES `penduduk` (`NIK`) ON DELETE CASCADE,
  CONSTRAINT `divaksin_ibfk_2` FOREIGN KEY (`ID_Batch_Vaksin`) REFERENCES `batch_vaksin` (`ID`) ON DELETE CASCADE
) ENGINE=InnoDB DEFAULT CHARSET=latin1;
/*!40101 SET character_set_client = @saved_cs_client */;

--
-- Dumping data for table `divaksin`
--

LOCK TABLES `divaksin` WRITE;
/*!40000 ALTER TABLE `divaksin` DISABLE KEYS */;
INSERT INTO `divaksin` (`NIK`, `ID_Batch_Vaksin`, `Tahap_Vaksin`, `Tanggal_Vaksin`) VALUES ('3326164909000001',20,'Vaksin pertama','2021-05-28'),('3326164909000003',26,'Vaksin pertama','2021-07-20'),('3326164909000006',14,'Vaksin pertama','2021-05-03'),('3326164909000010',39,'Vaksin kedua','2021-09-12'),('3326164909000015',57,'Vaksin ketiga','2022-01-12'),('3326164909000036',47,'Vaksin kedua','2021-10-26'),('3326164909000045',57,'Vaksin ketiga','2022-01-12'),('3326164909000055',44,'Vaksin kedua','2021-10-17'),('3326164909000066',66,'Vaksin ketiga','2022-03-02'),('3326164909000078',40,'Vaksin kedua','2021-09-21'),('3326164909000091',43,'Vaksin kedua','2021-10-16'),('3326164909000105',48,'Vaksin kedua','2021-10-27'),('3326164909000136',57,'Vaksin ketiga','2022-01-12'),('3326164909000153',8,'Vaksin pertama','2021-02-04'),('3326164909000171',56,'Vaksin ketiga','2022-01-09'),('3326164909000190',12,'Vaksin pertama','2021-04-25'),('3326164909000210',40,'Vaksin kedua','2021-09-21'),('3326164909000231',31,'Vaksin kedua','2021-08-12'),('3326164909000253',13,'Vaksin pertama','2021-05-01'),('3326164909000276',24,'Vaksin pertama','2021-07-12'),('3326164909000300',13,'Vaksin pertama','2021-05-01'),('3326164909000325',46,'Vaksin kedua','2021-10-25'),('3326164909000435',45,'Vaksin kedua','2021-10-24'),('3326164909000465',37,'Vaksin kedua','2021-09-10'),('3326164909000496',42,'Vaksin kedua','2021-10-14'),('3326164909000561',18,'Vaksin pertama','2021-05-24'),('3326164909000595',20,'Vaksin pertama','2021-05-28'),('3326164909000741',5,'Vaksin pertama','2021-01-19'),('3326164909000780',47,'Vaksin kedua','2021-10-26'),('3326164909000861',44,'Vaksin kedua','2021-10-17'),('3326164909000903',4,'Vaksin pertama','2021-01-18'),('3326164909000946',55,'Vaksin ketiga','2021-12-15'),('3326164909000990',42,'Vaksin kedua','2021-10-14'),('3326164909001035',68,'Vaksin ketiga','2022-03-06'),('3326164909001128',58,'Vaksin ketiga','2022-01-20'),('3326164909001176',30,'Vaksin kedua','2021-08-02'),('3326164909001225',70,'Vaksin ketiga','2022-03-21'),('3326164909001275',61,'Vaksin ketiga','2022-02-16'),('3326164909001378',35,'Vaksin kedua','2021-09-08'),('3326164909001431',42,'Vaksin kedua','2021-10-14'),('3326164909001485',20,'Vaksin pertama','2021-05-28'),('3326164909001540',18,'Vaksin pertama','2021-05-24'),('3326164909001596',57,'Vaksin ketiga','2022-01-12'),('3326164909001653',36,'Vaksin kedua','2021-09-09'),('3326164909001711',14,'Vaksin pertama','2021-05-03'),('3326164909001770',23,'Vaksin pertama','2021-07-09'),('3326164909001830',33,'Vaksin kedua','2021-08-17'),('3326164909001891',46,'Vaksin kedua','2021-10-25'),('3326164909001953',60,'Vaksin ketiga','2022-02-15'),('3326164909002080',57,'Vaksin ketiga','2022-01-12'),('3326164909002145',66,'Vaksin ketiga','2022-03-02'),('3326164909002278',67,'Vaksin ketiga','2022-03-04'),('3326164909002346',19,'Vaksin pertama','2021-05-25'),('3326164909002415',66,'Vaksin ketiga','2022-03-02'),('3326164909002485',13,'Vaksin pertama','2021-05-01'),('3326164909002556',13,'Vaksin pertama','2021-05-01'),('3326164909002628',54,'Vaksin ketiga','2021-12-06'),('3326164909002701',64,'Vaksin ketiga','2022-02-27'),('3326164909002850',42,'Vaksin kedua','2021-10-14'),('3326164909003003',60,'Vaksin ketiga','2022-02-15'),('3326164909003081',30,'Vaksin kedua','2021-08-02'),('3326164909003160',57,'Vaksin ketiga','2022-01-12'),('3326164909003240',42,'Vaksin kedua','2021-10-14'),('3326164909003321',3,'Vaksin pertama','2021-01-14'),('3326164909003403',20,'Vaksin pertama','2021-05-28'),('3326164909003486',5,'Vaksin pertama','2021-01-19'),('3326164909003655',62,'Vaksin ketiga','2022-02-19'),('3326164909003741',9,'Vaksin pertama','2021-03-13'),('3326164909003828',61,'Vaksin ketiga','2022-02-16'),('3326164909003916',25,'Vaksin pertama','2021-07-19'),('3326164909004095',65,'Vaksin ketiga','2022-02-28'),('3326164909004186',29,'Vaksin kedua','2021-07-28'),('3326164909004278',49,'Vaksin kedua','2021-11-06'),('3326164909004371',25,'Vaksin pertama','2021-07-19'),('3326164909004656',14,'Vaksin pertama','2021-05-03'),('3326164909004851',39,'Vaksin kedua','2021-09-12'),('3326164909004950',6,'Vaksin pertama','2021-01-25'),('3326164909005050',66,'Vaksin ketiga','2022-03-02'),('3326164909005151',47,'Vaksin kedua','2021-10-26'),('3326164909005253',61,'Vaksin ketiga','2022-02-16'),('3326164909005356',12,'Vaksin pertama','2021-04-25'),('3326164909005460',64,'Vaksin ketiga','2022-02-27'),('3326164909005565',70,'Vaksin ketiga','2022-03-21'),('3326164909005671',50,'Vaksin ketiga','2021-11-22'),('3326164909005778',4,'Vaksin pertama','2021-01-18'),('3326164909005886',64,'Vaksin ketiga','2022-02-27'),('3326164909006105',6,'Vaksin pertama','2021-01-25'),('3326164909006216',31,'Vaksin kedua','2021-08-12'),('3326164909006328',67,'Vaksin ketiga','2022-03-04'),('3326164909006670',60,'Vaksin ketiga','2022-02-15'),('3326164909006786',27,'Vaksin pertama','2021-07-24'),('3326164909006903',13,'Vaksin pertama','2021-05-01'),('3326164909007140',62,'Vaksin ketiga','2022-02-19'),('3326164909007260',42,'Vaksin kedua','2021-10-14'),('3326164909007381',42,'Vaksin kedua','2021-10-14'),('3326164909007503',25,'Vaksin pertama','2021-07-19'),('3326164909007626',31,'Vaksin kedua','2021-08-12'),('3326164909007875',20,'Vaksin pertama','2021-05-28'),('3326164909008001',24,'Vaksin pertama','2021-07-12'),('3326164909008128',54,'Vaksin ketiga','2021-12-06'),('3326164909008256',10,'Vaksin pertama','2021-03-20'),('3326164909008385',50,'Vaksin ketiga','2021-11-22'),('3326164909008515',67,'Vaksin ketiga','2022-03-04'),('3326164909008778',28,'Vaksin kedua','2021-07-25'),('3326164909008911',67,'Vaksin ketiga','2022-03-04'),('3326164909009316',27,'Vaksin pertama','2021-07-24'),('3326164909009453',24,'Vaksin pertama','2021-07-12'),('3326164909009591',60,'Vaksin ketiga','2022-02-15'),('3326164909009730',27,'Vaksin pertama','2021-07-24'),('3326164909010011',61,'Vaksin ketiga','2022-02-16'),('3326164909010153',47,'Vaksin kedua','2021-10-26'),('3326164909010440',39,'Vaksin kedua','2021-09-12'),('3326164909010585',25,'Vaksin pertama','2021-07-19'),('3326164909010731',43,'Vaksin kedua','2021-10-16'),('3326164909010878',1,'Vaksin pertama','2021-01-11'),('3326164909011026',6,'Vaksin pertama','2021-01-25'),('3326164909011175',12,'Vaksin pertama','2021-04-25'),('3326164909011325',46,'Vaksin kedua','2021-10-25'),('3326164909011476',30,'Vaksin kedua','2021-08-02'),('3326164909011628',34,'Vaksin kedua','2021-09-06'),('3326164909011781',39,'Vaksin kedua','2021-09-12'),('3326164909012090',33,'Vaksin kedua','2021-08-17'),('3326164909012246',40,'Vaksin kedua','2021-09-21'),('3326164909012403',43,'Vaksin kedua','2021-10-16'),('3326164909012561',50,'Vaksin ketiga','2021-11-22'),('3326164909012880',43,'Vaksin kedua','2021-10-16'),('3326164909013041',50,'Vaksin ketiga','2021-11-22'),('3326164909013203',42,'Vaksin kedua','2021-10-14'),('3326164909013366',37,'Vaksin kedua','2021-09-10'),('3326164909013530',60,'Vaksin ketiga','2022-02-15'),('3326164909013861',30,'Vaksin kedua','2021-08-02'),('3326164909014028',53,'Vaksin ketiga','2021-12-03'),('3326164909014365',27,'Vaksin pertama','2021-07-24'),('3326164909014535',21,'Vaksin pertama','2021-06-15'),('3326164909014706',26,'Vaksin pertama','2021-07-20'),('3326164909014878',39,'Vaksin kedua','2021-09-12'),('3326164909015051',6,'Vaksin pertama','2021-01-25'),('3326164909015225',46,'Vaksin kedua','2021-10-25'),('3326164909015400',70,'Vaksin ketiga','2022-03-21'),('3326164909015576',60,'Vaksin ketiga','2022-02-15'),('3326164909015753',65,'Vaksin ketiga','2022-02-28'),('3326164909016471',9,'Vaksin pertama','2021-03-13'),('3326164909016653',67,'Vaksin ketiga','2022-03-04'),('3326164909016836',29,'Vaksin kedua','2021-07-28'),('3326164909017020',35,'Vaksin kedua','2021-09-08'),('3326164909017205',57,'Vaksin ketiga','2022-01-12'),('3326164909017391',49,'Vaksin kedua','2021-11-06'),('3326164909017578',16,'Vaksin pertama','2021-05-12'),('3326164909017766',38,'Vaksin kedua','2021-09-11'),('3326164909017955',18,'Vaksin pertama','2021-05-24'),('3326164909018145',12,'Vaksin pertama','2021-04-25'),('3326164909018336',35,'Vaksin kedua','2021-09-08'),('3326164909018528',15,'Vaksin pertama','2021-05-11'),('3326164909018721',9,'Vaksin pertama','2021-03-13'),('3326164909018915',49,'Vaksin kedua','2021-11-06'),('3326164909019110',16,'Vaksin pertama','2021-05-12'),('3326164909019503',35,'Vaksin kedua','2021-09-08'),('3326164909019900',30,'Vaksin kedua','2021-08-02'),('3326164909020100',21,'Vaksin pertama','2021-06-15'),('3326164909020301',70,'Vaksin ketiga','2022-03-21'),('3326164909020503',47,'Vaksin kedua','2021-10-26'),('3326164909020910',30,'Vaksin kedua','2021-08-02'),('3326164909021321',58,'Vaksin ketiga','2022-01-20'),('3326164909021736',59,'Vaksin ketiga','2022-01-28'),('3326164909021945',18,'Vaksin pertama','2021-05-24'),('3326164909022155',43,'Vaksin kedua','2021-10-16'),('3326164909022366',25,'Vaksin pertama','2021-07-19'),('3326164909022578',4,'Vaksin pertama','2021-01-18'),('3326164909022791',32,'Vaksin kedua','2021-08-15'),('3326164909023220',38,'Vaksin kedua','2021-09-11'),('3326164909023436',44,'Vaksin kedua','2021-10-17'),('3326164909023653',19,'Vaksin pertama','2021-05-25'),('3326164909024090',50,'Vaksin ketiga','2021-11-22'),('3326164909024310',64,'Vaksin ketiga','2022-02-27'),('3326164909024531',32,'Vaksin kedua','2021-08-15'),('3326164909024976',46,'Vaksin kedua','2021-10-25'),('3326164909025200',8,'Vaksin pertama','2021-02-04'),('3326164909025425',38,'Vaksin kedua','2021-09-11'),('3326164909025651',10,'Vaksin pertama','2021-03-20'),('3326164909025878',9,'Vaksin pertama','2021-03-13'),('3326164909026106',40,'Vaksin kedua','2021-09-21'),('3326164909026565',49,'Vaksin kedua','2021-11-06'),('3326164909026796',31,'Vaksin kedua','2021-08-12'),('3326164909027028',43,'Vaksin kedua','2021-10-16'),('3326164909027261',13,'Vaksin pertama','2021-05-01'),('3326164909027495',67,'Vaksin ketiga','2022-03-04'),('3326164909027730',20,'Vaksin pertama','2021-05-28'),('3326164909027966',1,'Vaksin pertama','2021-01-11'),('3326164909028203',4,'Vaksin pertama','2021-01-18'),('3326164909028441',4,'Vaksin pertama','2021-01-18'),('3326164909028680',46,'Vaksin kedua','2021-10-25'),('3326164909028920',12,'Vaksin pertama','2021-04-25'),('3326164909029403',44,'Vaksin kedua','2021-10-17'),('3326164909029646',70,'Vaksin ketiga','2022-03-21'),('3326164909029890',43,'Vaksin kedua','2021-10-16'),('3326164909030135',54,'Vaksin ketiga','2021-12-06'),('3326164909030381',9,'Vaksin pertama','2021-03-13'),('3326164909031375',13,'Vaksin pertama','2021-05-01'),('3326164909031626',48,'Vaksin kedua','2021-10-27'),('3326164909032385',38,'Vaksin kedua','2021-09-11'),('3326164909032640',39,'Vaksin kedua','2021-09-12'),('3326164909033411',19,'Vaksin pertama','2021-05-25'),('3326164909033930',56,'Vaksin ketiga','2022-01-09'),('3326164909034191',61,'Vaksin ketiga','2022-02-16'),('3326164909034716',55,'Vaksin ketiga','2021-12-15'),('3326164909035245',50,'Vaksin ketiga','2021-11-22'),('3326164909035511',43,'Vaksin kedua','2021-10-16'),('3326164909035778',28,'Vaksin kedua','2021-07-25'),('3326164909036585',50,'Vaksin ketiga','2021-11-22'),('3326164909036856',34,'Vaksin kedua','2021-09-06'),('3326164909037128',1,'Vaksin pertama','2021-01-11'),('3326164909037401',44,'Vaksin kedua','2021-10-17'),('3326164909037675',48,'Vaksin kedua','2021-10-27'),('3326164909037950',15,'Vaksin pertama','2021-05-11'),('3326164909038226',46,'Vaksin kedua','2021-10-25'),('3326164909038503',37,'Vaksin kedua','2021-09-10'),('3326164909038781',63,'Vaksin ketiga','2022-02-20'),('3326164909039060',15,'Vaksin pertama','2021-05-11'),('3326164909039340',54,'Vaksin ketiga','2021-12-06'),('3326164909039621',62,'Vaksin ketiga','2022-02-19'),('3326164909040470',43,'Vaksin kedua','2021-10-16'),('3326164909040755',32,'Vaksin kedua','2021-08-15'),('3326164909041041',19,'Vaksin pertama','2021-05-25'),('3326164909041328',12,'Vaksin pertama','2021-04-25'),('3326164909041616',50,'Vaksin ketiga','2021-11-22'),('3326164909041905',57,'Vaksin ketiga','2022-01-12'),('3326164909042195',20,'Vaksin pertama','2021-05-28'),('3326164909042486',6,'Vaksin pertama','2021-01-25'),('3326164909042778',5,'Vaksin pertama','2021-01-19'),('3326164909043071',52,'Vaksin ketiga','2021-11-24'),('3326164909043660',64,'Vaksin ketiga','2022-02-27'),('3326164909043956',50,'Vaksin ketiga','2021-11-22'),('3326164909044253',58,'Vaksin ketiga','2022-01-20'),('3326164909044551',1,'Vaksin pertama','2021-01-11'),('3326164909044850',13,'Vaksin pertama','2021-05-01'),('3326164909045753',67,'Vaksin ketiga','2022-03-04'),('3326164909046056',20,'Vaksin pertama','2021-05-28'),('3326164909046360',30,'Vaksin kedua','2021-08-02'),('3326164909046971',29,'Vaksin kedua','2021-07-28'),('3326164909047278',27,'Vaksin pertama','2021-07-24'),('3326164909047586',62,'Vaksin ketiga','2022-02-19'),('3326164909047895',49,'Vaksin kedua','2021-11-06'),('3326164909048205',63,'Vaksin ketiga','2022-02-20'),('3326164909048516',9,'Vaksin pertama','2021-03-13'),('3326164909050086',29,'Vaksin kedua','2021-07-28'),('3326164909050403',27,'Vaksin pertama','2021-07-24'),('3326164909050721',31,'Vaksin kedua','2021-08-12'),('3326164909051040',47,'Vaksin kedua','2021-10-26'),('3326164909051360',34,'Vaksin kedua','2021-09-06'),('3326164909051681',63,'Vaksin ketiga','2022-02-20'),('3326164909052003',27,'Vaksin pertama','2021-07-24'),('3326164909052326',58,'Vaksin ketiga','2022-01-20'),('3326164909052650',39,'Vaksin kedua','2021-09-12'),('3326164909052975',58,'Vaksin ketiga','2022-01-20'),('3326164909053301',54,'Vaksin ketiga','2021-12-06'),('3326164909053628',16,'Vaksin pertama','2021-05-12'),('3326164909053956',40,'Vaksin kedua','2021-09-21'),('3326164909054285',51,'Vaksin ketiga','2021-11-23'),('3326164909054946',12,'Vaksin pertama','2021-04-25'),('3326164909055278',25,'Vaksin pertama','2021-07-19'),('3326164909055611',5,'Vaksin pertama','2021-01-19'),('3326164909055945',36,'Vaksin kedua','2021-09-09'),('3326164909056280',34,'Vaksin kedua','2021-09-06'),('3326164909056616',16,'Vaksin pertama','2021-05-12'),('3326164909056953',29,'Vaksin kedua','2021-07-28'),('3326164909057630',30,'Vaksin kedua','2021-08-02'),('3326164909058653',62,'Vaksin ketiga','2022-02-19'),('3326164909060031',25,'Vaksin pertama','2021-07-19'),('3326164909060378',63,'Vaksin ketiga','2022-02-20'),('3326164909060726',54,'Vaksin ketiga','2021-12-06'),('3326164909061075',27,'Vaksin pertama','2021-07-24'),('3326164909061425',12,'Vaksin pertama','2021-04-25'),('3326164909061776',23,'Vaksin pertama','2021-07-09'),('3326164909062128',44,'Vaksin kedua','2021-10-17'),('3326164909062481',48,'Vaksin kedua','2021-10-27'),('3326164909062835',46,'Vaksin kedua','2021-10-25'),('3326164909063190',44,'Vaksin kedua','2021-10-17'),('3326164909063903',41,'Vaksin kedua','2021-09-25'),('3326164909064261',67,'Vaksin ketiga','2022-03-04'),('3326164909064620',14,'Vaksin pertama','2021-05-03'),('3326164909064980',53,'Vaksin ketiga','2021-12-03'),('3326164909065703',61,'Vaksin ketiga','2022-02-16'),('3326164909066066',39,'Vaksin kedua','2021-09-12'),('3326164909067161',60,'Vaksin ketiga','2022-02-15'),('3326164909067896',61,'Vaksin ketiga','2022-02-16'),('3326164909068635',18,'Vaksin pertama','2021-05-24'),('3326164909069006',23,'Vaksin pertama','2021-07-09'),('3326164909069378',58,'Vaksin ketiga','2022-01-20'),('3326164909069751',29,'Vaksin kedua','2021-07-28'),('3326164909070125',24,'Vaksin pertama','2021-07-12'),('3326164909070876',49,'Vaksin ketiga','2021-11-06'),('3326164909071253',50,'Vaksin ketiga','2021-11-22'),('3326164909071631',23,'Vaksin pertama','2021-07-09'),('3326164909072390',34,'Vaksin kedua','2021-09-06'),('3326164909072771',53,'Vaksin ketiga','2021-12-03'),('3326164909073153',66,'Vaksin ketiga','2022-03-02'),('3326164909073536',54,'Vaksin ketiga','2021-12-06'),('3326164909073920',57,'Vaksin ketiga','2022-01-12'),('3326164909074305',9,'Vaksin pertama','2021-03-13'),('3326164909074691',66,'Vaksin ketiga','2022-03-02'),('3326164909075078',25,'Vaksin pertama','2021-07-19'),('3326164909075466',17,'Vaksin pertama','2021-05-16'),('3326164909075855',42,'Vaksin kedua','2021-10-14'),('3326164909076245',63,'Vaksin ketiga','2022-02-20'),('3326164909076636',28,'Vaksin kedua','2021-07-25'),('3326164909077028',16,'Vaksin pertama','2021-05-12'),('3326164909077421',65,'Vaksin ketiga','2022-02-28'),('3326164909077815',48,'Vaksin kedua','2021-10-27'),('3326164909078210',43,'Vaksin kedua','2021-10-16'),('3326164909078606',58,'Vaksin ketiga','2022-01-20'),('3326164909079003',58,'Vaksin ketiga','2022-01-20'),('3326164909079401',15,'Vaksin pertama','2021-05-11'),('3326164909080200',42,'Vaksin kedua','2021-10-14'),('3326164909080601',40,'Vaksin kedua','2021-09-21'),('3326164909081406',42,'Vaksin kedua','2021-10-14'),('3326164909082215',60,'Vaksin ketiga','2022-02-15'),('3326164909082621',52,'Vaksin ketiga','2021-11-24'),('3326164909083028',58,'Vaksin ketiga','2022-01-20'),('3326164909083845',63,'Vaksin ketiga','2022-02-20'),('3326164909084255',1,'Vaksin pertama','2021-01-11'),('3326164909084666',14,'Vaksin pertama','2021-05-03'),('3326164909085078',66,'Vaksin ketiga','2022-03-02'),('3326164909085905',13,'Vaksin pertama','2021-05-01'),('3326164909086320',21,'Vaksin pertama','2021-06-15'),('3326164909086736',66,'Vaksin ketiga','2022-03-02'),('3326164909087571',35,'Vaksin kedua','2021-09-08'),('3326164909089253',27,'Vaksin pertama','2021-07-24'),('3326164909090100',29,'Vaksin kedua','2021-07-28'),('3326164909091378',46,'Vaksin kedua','2021-10-25'),('3326164909091806',42,'Vaksin kedua','2021-10-14'),('3326164909092235',69,'Vaksin ketiga','2022-03-15'),('3326164909092665',46,'Vaksin kedua','2021-10-25'),('3326164909093096',5,'Vaksin pertama','2021-01-19'),('3326164909093528',1,'Vaksin pertama','2021-01-11'),('3326164909093961',33,'Vaksin kedua','2021-08-17'),('3326164909094395',63,'Vaksin ketiga','2022-02-20'),('3326164909094830',35,'Vaksin kedua','2021-09-08'),('3326164909095266',28,'Vaksin pertama','2021-07-25'),('3326164909095703',67,'Vaksin ketiga','2022-03-04'),('3326164909096141',54,'Vaksin ketiga','2021-12-06'),('3326164909096580',18,'Vaksin pertama','2021-05-24'),('3326164909097020',70,'Vaksin ketiga','2022-03-21'),('3326164909097903',3,'Vaksin pertama','2021-01-14'),('3326164909098346',49,'Vaksin kedua','2021-11-06'),('3326164909099681',27,'Vaksin pertama','2021-07-24'),('3326164909100128',26,'Vaksin pertama','2021-07-20'),('3326164909100576',61,'Vaksin ketiga','2022-02-16'),('3326164909101025',50,'Vaksin ketiga','2021-11-22'),('3326164909101475',18,'Vaksin pertama','2021-05-24'),('3326164909101926',58,'Vaksin ketiga','2022-01-20'),('3326164909102831',42,'Vaksin kedua','2021-10-14'),('3326164909103285',27,'Vaksin pertama','2021-07-24'),('3326164909103740',42,'Vaksin kedua','2021-10-14'),('3326164909104196',16,'Vaksin pertama','2021-05-12'),('3326164909104653',49,'Vaksin kedua','2021-11-06'),('3326164909105570',61,'Vaksin ketiga','2022-02-16'),('3326164909106030',55,'Vaksin ketiga','2021-12-15'),('3326164909106491',58,'Vaksin ketiga','2022-01-20'),('3326164909106953',5,'Vaksin pertama','2021-01-19'),('3326164909107416',64,'Vaksin ketiga','2022-02-27'),('3326164909107880',58,'Vaksin ketiga','2022-01-20'),('3326164909108345',64,'Vaksin ketiga','2022-02-27'),('3326164909108811',25,'Vaksin pertama','2021-07-19'),('3326164909110215',27,'Vaksin pertama','2021-07-24'),('3326164909111156',12,'Vaksin pertama','2021-04-25'),('3326164909111628',1,'Vaksin pertama','2021-01-11'),('3326164909112101',21,'Vaksin pertama','2021-06-15'),('3326164909112575',48,'Vaksin kedua','2021-10-27'),('3326164909113526',16,'Vaksin pertama','2021-05-12'),('3326164909114003',35,'Vaksin kedua','2021-09-08'),('3326164909115440',29,'Vaksin kedua','2021-07-28'),('3326164909115921',50,'Vaksin ketiga','2021-11-22'),('3326164909116403',60,'Vaksin ketiga','2022-02-15'),('3326164909116886',19,'Vaksin pertama','2021-05-25'),('3326164909117370',23,'Vaksin pertama','2021-07-09'),('3326164909118341',62,'Vaksin ketiga','2022-02-19'),('3326164909118828',35,'Vaksin kedua','2021-09-08'),('3326164909119316',63,'Vaksin ketiga','2022-02-20'),('3326164909119805',46,'Vaksin kedua','2021-10-25'),('3326164909120295',12,'Vaksin pertama','2021-04-25'),('3326164909120786',15,'Vaksin pertama','2021-05-11'),('3326164909121278',69,'Vaksin ketiga','2022-03-15'),('3326164909122265',23,'Vaksin pertama','2021-07-09'),('3326164909122760',47,'Vaksin kedua','2021-10-26'),('3326164909123256',46,'Vaksin kedua','2021-10-25'),('3326164909123753',64,'Vaksin ketiga','2022-02-27'),('3326164909124251',9,'Vaksin pertama','2021-03-13'),('3326164909124750',24,'Vaksin pertama','2021-07-12'),('3326164909125250',49,'Vaksin kedua','2021-11-06'),('3326164909126253',64,'Vaksin ketiga','2022-02-27'),('3326164909126756',55,'Vaksin ketiga','2021-12-15'),('3326164909127260',53,'Vaksin ketiga','2021-12-03'),('3326164909127765',27,'Vaksin pertama','2021-07-24'),('3326164909128271',50,'Vaksin ketiga','2021-11-22'),('3326164909129286',14,'Vaksin pertama','2021-05-03'),('3326164909129795',54,'Vaksin ketiga','2021-12-06'),('3326164909130305',49,'Vaksin kedua','2021-11-06'),('3326164909130816',36,'Vaksin kedua','2021-09-09'),('3326164909131328',43,'Vaksin kedua','2021-10-16'),('3326164909132870',23,'Vaksin pertama','2021-07-09'),('3326164909133386',30,'Vaksin kedua','2021-08-02'),('3326164909133903',23,'Vaksin pertama','2021-07-09'),('3326164909134421',2,'Vaksin pertama','2021-01-12'),('3326164909135460',16,'Vaksin pertama','2021-05-12'),('3326164909135981',67,'Vaksin ketiga','2022-03-04'),('3326164909136503',65,'Vaksin ketiga','2022-02-28'),('3326164909137550',48,'Vaksin kedua','2021-10-27'),('3326164909138075',1,'Vaksin pertama','2021-01-11'),('3326164909138601',8,'Vaksin pertama','2021-02-04'),('3326164909139128',64,'Vaksin ketiga','2022-02-27'),('3326164909139656',12,'Vaksin pertama','2021-04-25'),('3326164909140185',11,'Vaksin pertama','2021-03-21'),('3326164909141246',64,'Vaksin ketiga','2022-02-27'),('3326164909141778',55,'Vaksin ketiga','2021-12-15'),('3326164909142845',67,'Vaksin ketiga','2022-03-04'),('3326164909143916',66,'Vaksin ketiga','2022-03-02'),('3326164909144453',47,'Vaksin kedua','2021-10-26'),('3326164909144991',44,'Vaksin kedua','2021-10-17'),('3326164909145530',33,'Vaksin kedua','2021-08-17'),('3326164909146070',63,'Vaksin ketiga','2022-02-20'),('3326164909147153',48,'Vaksin kedua','2021-10-27'),('3326164909148240',1,'Vaksin pertama','2021-01-11'),('3326164909148785',63,'Vaksin ketiga','2022-02-20'),('3326164909150975',23,'Vaksin pertama','2021-07-09'),('3326164909151525',43,'Vaksin kedua','2021-10-16'),('3326164909152076',1,'Vaksin pertama','2021-01-11'),('3326164909152628',26,'Vaksin pertama','2021-07-20'),('3326164909153181',62,'Vaksin ketiga','2022-02-19'),('3326164909154290',64,'Vaksin ketiga','2022-02-27'),('3326164909154846',5,'Vaksin pertama','2021-01-19'),('3326164909156520',62,'Vaksin ketiga','2022-02-19'),('3326164909157080',50,'Vaksin ketiga','2021-11-22'),('3326164909157641',10,'Vaksin pertama','2021-03-20'),('3326164909158203',30,'Vaksin kedua','2021-08-02'),('3326164909158766',66,'Vaksin ketiga','2022-03-02'),('3326164909159330',60,'Vaksin ketiga','2022-02-15'),('3326164909159895',50,'Vaksin ketiga','2021-11-22'),('3326164909160461',25,'Vaksin pertama','2021-07-19'),('3326164909162735',27,'Vaksin pertama','2021-07-24'),('3326164909163306',30,'Vaksin kedua','2021-08-02'),('3326164909164451',6,'Vaksin pertama','2021-01-25'),('3326164909165600',28,'Vaksin kedua','2021-07-25'),('3326164909166176',54,'Vaksin ketiga','2021-12-06'),('3326164909166753',29,'Vaksin kedua','2021-07-28'),('3326164909167331',20,'Vaksin pertama','2021-05-28'),('3326164909167910',23,'Vaksin pertama','2021-07-09'),('3326164909168490',46,'Vaksin kedua','2021-10-25'),('3326164909169653',48,'Vaksin kedua','2021-10-27'),('3326164909170236',3,'Vaksin pertama','2021-01-14'),('3326164909171405',5,'Vaksin pertama','2021-01-19'),('3326164909172578',28,'Vaksin kedua','2021-07-25'),('3326164909173166',5,'Vaksin pertama','2021-01-19'),('3326164909173755',60,'Vaksin ketiga','2022-02-15'),('3326164909174345',62,'Vaksin ketiga','2022-02-19'),('3326164909175528',21,'Vaksin pertama','2021-06-15'),('3326164909176121',57,'Vaksin ketiga','2022-01-12'),('3326164909177310',17,'Vaksin pertama','2021-05-16'),('3326164909177906',20,'Vaksin pertama','2021-05-28'),('3326164909178503',33,'Vaksin kedua','2021-08-17'),('3326164909179101',35,'Vaksin kedua','2021-09-08'),('3326164909179700',57,'Vaksin ketiga','2022-01-12'),('3326164909180300',15,'Vaksin pertama','2021-05-11'),('3326164909181503',47,'Vaksin kedua','2021-10-26'),('3326164909182106',47,'Vaksin kedua','2021-10-26'),('3326164909183315',62,'Vaksin ketiga','2022-02-19'),('3326164909183921',61,'Vaksin ketiga','2022-02-16'),('3326164909184528',63,'Vaksin ketiga','2022-02-20'),('3326164909185136',48,'Vaksin kedua','2021-10-27'),('3326164909185745',1,'Vaksin pertama','2021-01-11'),('3326164909186355',28,'Vaksin kedua','2021-07-25'),('3326164909186966',13,'Vaksin pertama','2021-05-01'),('3326164909187578',3,'Vaksin pertama','2021-01-14'),('3326164909188191',14,'Vaksin pertama','2021-05-03'),('3326164909188805',21,'Vaksin pertama','2021-06-15'),('3326164909189420',40,'Vaksin kedua','2021-09-21'),('3326164909190036',25,'Vaksin pertama','2021-07-19'),('3326164909190653',44,'Vaksin kedua','2021-10-17'),('3326164909191271',37,'Vaksin kedua','2021-09-10'),('3326164909192510',6,'Vaksin pertama','2021-01-25'),('3326164909193131',18,'Vaksin pertama','2021-05-24'),('3326164909193753',57,'Vaksin ketiga','2022-01-12'),('3326164909195625',9,'Vaksin pertama','2021-03-13'),('3326164909196251',67,'Vaksin ketiga','2022-03-04'),('3326164909196878',63,'Vaksin ketiga','2022-02-20'),('3326164909197506',57,'Vaksin ketiga','2022-01-12'),('3326164909198135',44,'Vaksin kedua','2021-10-17'),('3326164909200028',60,'Vaksin ketiga','2022-02-15'),('3326164909200661',63,'Vaksin ketiga','2022-02-20'),('3326164909201930',67,'Vaksin ketiga','2022-03-04'),('3326164909202566',21,'Vaksin pertama','2021-06-15'),('3326164909203203',56,'Vaksin ketiga','2022-01-09'),('3326164909203841',70,'Vaksin ketiga','2022-03-21'),('3326164909204480',61,'Vaksin ketiga','2022-02-16'),('3326164909205120',40,'Vaksin kedua','2021-09-21'),('3326164909205761',12,'Vaksin pertama','2021-04-25'),('3326164909206403',57,'Vaksin ketiga','2022-01-12'),('3326164909207046',49,'Vaksin kedua','2021-11-06'),('3326164909207690',61,'Vaksin ketiga','2022-02-16'),('3326164909208335',37,'Vaksin kedua','2021-09-10'),('3326164909208981',12,'Vaksin pertama','2021-04-25'),('3326164909209628',70,'Vaksin ketiga','2022-03-21'),('3326164909210276',42,'Vaksin kedua','2021-10-14'),('3326164909210925',5,'Vaksin pertama','2021-01-19'),('3326164909211575',33,'Vaksin kedua','2021-08-17'),('3326164909212226',70,'Vaksin ketiga','2022-03-21'),('3326164909212878',58,'Vaksin ketiga','2022-01-20'),('3326164909213531',62,'Vaksin ketiga','2022-02-19'),('3326164909214840',9,'Vaksin pertama','2021-03-13'),('3326164909216153',55,'Vaksin ketiga','2021-12-15'),('3326164909216811',9,'Vaksin pertama','2021-03-13'),('3326164909217470',43,'Vaksin kedua','2021-10-16'),('3326164909220116',5,'Vaksin pertama','2021-01-19'),('3326164909220780',33,'Vaksin kedua','2021-08-17'),('3326164909222778',55,'Vaksin ketiga','2021-12-15'),('3326164909223446',35,'Vaksin kedua','2021-09-08'),('3326164909224115',39,'Vaksin kedua','2021-09-12'),('3326164909224785',38,'Vaksin kedua','2021-09-11'),('3326164909226128',62,'Vaksin ketiga','2022-02-19'),('3326164909227475',64,'Vaksin ketiga','2022-02-27'),('3326164909228150',8,'Vaksin pertama','2021-02-04'),('3326164909228826',42,'Vaksin kedua','2021-10-14'),('3326164909229503',47,'Vaksin kedua','2021-10-26'),('3326164909230181',62,'Vaksin ketiga','2022-02-19'),('3326164909230860',63,'Vaksin ketiga','2022-02-20'),('3326164909231540',22,'Vaksin pertama','2021-06-23'),('3326164909232903',60,'Vaksin ketiga','2022-02-15'),('3326164909234270',66,'Vaksin ketiga','2022-03-02'),('3326164909234955',53,'Vaksin ketiga','2021-12-03'),('3326164909236328',37,'Vaksin kedua','2021-09-10'),('3326164909237705',46,'Vaksin kedua','2021-10-25'),('3326164909238395',49,'Vaksin kedua','2021-11-06'),('3326164909239086',23,'Vaksin pertama','2021-07-09'),('3326164909239778',16,'Vaksin pertama','2021-05-12'),('3326164909240471',21,'Vaksin pertama','2021-06-15'),('3326164909241165',9,'Vaksin pertama','2021-03-13'),('3326164909242556',58,'Vaksin ketiga','2022-01-20'),('3326164909243253',37,'Vaksin kedua','2021-09-10'),('3326164909243951',48,'Vaksin kedua','2021-10-27'),('3326164909244650',49,'Vaksin kedua','2021-11-06'),('3326164909245350',16,'Vaksin pertama','2021-05-12'),('3326164909246051',52,'Vaksin ketiga','2021-11-24'),('3326164909248160',47,'Vaksin kedua','2021-10-26'),('3326164909249571',67,'Vaksin ketiga','2022-03-04'),('3326164909250278',23,'Vaksin pertama','2021-07-09'),('3326164909250986',30,'Vaksin kedua','2021-08-02'),('3326164909251695',46,'Vaksin kedua','2021-10-25'),('3326164909252405',17,'Vaksin pertama','2021-05-16'),('3326164909253116',20,'Vaksin pertama','2021-05-28'),('3326164909254541',66,'Vaksin ketiga','2022-03-02'),('3326164909255255',6,'Vaksin pertama','2021-01-25'),('3326164909255970',33,'Vaksin kedua','2021-08-17'),('3326164909256686',46,'Vaksin kedua','2021-10-25'),('3326164909258840',5,'Vaksin pertama','2021-01-19'),('3326164909259560',16,'Vaksin pertama','2021-05-12'),('3326164909261003',48,'Vaksin kedua','2021-10-27'),('3326164909261726',64,'Vaksin ketiga','2022-02-27'),('3326164909262450',35,'Vaksin kedua','2021-09-08'),('3326164909263901',50,'Vaksin ketiga','2021-11-22'),('3326164909264628',47,'Vaksin kedua','2021-10-26'),('3326164909265356',23,'Vaksin pertama','2021-07-09'),('3326164909266085',58,'Vaksin ketiga','2022-01-20'),('3326164909266815',8,'Vaksin pertama','2021-02-04'),('3326164909267546',66,'Vaksin ketiga','2022-03-02'),('3326164909268278',47,'Vaksin kedua','2021-10-26'),('3326164909269011',5,'Vaksin pertama','2021-01-19'),('3326164909270480',63,'Vaksin ketiga','2022-02-20'),('3326164909271216',43,'Vaksin kedua','2021-10-16'),('3326164909272691',64,'Vaksin ketiga','2022-02-27'),('3326164909274911',13,'Vaksin pertama','2021-05-01'),('3326164909275653',16,'Vaksin pertama','2021-05-12'),('3326164909277140',25,'Vaksin pertama','2021-07-19'),('3326164909278631',16,'Vaksin pertama','2021-05-12'),('3326164909280126',42,'Vaksin kedua','2021-10-14'),('3326164909282376',61,'Vaksin ketiga','2022-02-16'),('3326164909283128',15,'Vaksin pertama','2021-05-11'),('3326164909285390',9,'Vaksin pertama','2021-03-13'),('3326164909286146',23,'Vaksin pertama','2021-07-09'),('3326164909287661',34,'Vaksin kedua','2021-09-06'),('3326164909288420',60,'Vaksin ketiga','2022-02-15'),('3326164909289180',12,'Vaksin pertama','2021-04-25'),('3326164909290703',19,'Vaksin pertama','2021-05-25'),('3326164909291466',62,'Vaksin ketiga','2022-02-19'),('3326164909292230',46,'Vaksin kedua','2021-10-25'),('3326164909292995',61,'Vaksin ketiga','2022-02-16'),('3326164909293761',64,'Vaksin ketiga','2022-02-27'),('3326164909294528',33,'Vaksin kedua','2021-08-17'),('3326164909295296',55,'Vaksin ketiga','2021-12-15'),('3326164909296065',49,'Vaksin kedua','2021-11-06'),('3326164909296835',38,'Vaksin kedua','2021-09-11'),('3326164909297606',23,'Vaksin pertama','2021-07-09'),('3326164909300700',33,'Vaksin kedua','2021-08-17'),('3326164909301476',58,'Vaksin ketiga','2022-01-20'),('3326164909302253',49,'Vaksin ketiga','2021-11-06'),('3326164909303031',32,'Vaksin kedua','2021-08-15'),('3326164909304590',8,'Vaksin pertama','2021-02-04'),('3326164909305371',9,'Vaksin pertama','2021-03-13'),('3326164909306153',15,'Vaksin pertama','2021-05-11'),('3326164909306936',42,'Vaksin kedua','2021-10-14'),('3326164909307720',55,'Vaksin ketiga','2021-12-15'),('3326164909308505',57,'Vaksin ketiga','2022-01-12'),('3326164909310078',23,'Vaksin pertama','2021-07-09'),('3326164909312445',3,'Vaksin pertama','2021-01-14'),('3326164909313236',19,'Vaksin pertama','2021-05-25'),('3326164909314028',30,'Vaksin kedua','2021-08-02'),('3326164909314821',61,'Vaksin ketiga','2022-02-16'),('3326164909315615',48,'Vaksin kedua','2021-10-27'),('3326164909316410',12,'Vaksin pertama','2021-04-25'),('3326164909317206',56,'Vaksin ketiga','2022-01-09'),('3326164909318801',27,'Vaksin pertama','2021-07-24'),('3326164909320400',39,'Vaksin kedua','2021-09-12'),('3326164909321201',25,'Vaksin pertama','2021-07-19'),('3326164909322003',33,'Vaksin kedua','2021-08-17'),('3326164909323610',16,'Vaksin pertama','2021-05-12'),('3326164909324415',23,'Vaksin pertama','2021-07-09'),('3326164909325221',63,'Vaksin ketiga','2022-02-20'),('3326164909326836',12,'Vaksin pertama','2021-04-25'),('3326164909327645',16,'Vaksin pertama','2021-05-12'),('3326164909328455',24,'Vaksin pertama','2021-07-12'),('3326164909329266',45,'Vaksin kedua','2021-10-24'),('3326164909330078',20,'Vaksin pertama','2021-05-28'),('3326164909331705',13,'Vaksin pertama','2021-05-01'),('3326164909334153',61,'Vaksin ketiga','2022-02-16'),('3326164909335790',50,'Vaksin ketiga','2021-11-22'),('3326164909336610',55,'Vaksin ketiga','2021-12-15'),('3326164909337431',54,'Vaksin ketiga','2021-12-06'),('3326164909338253',16,'Vaksin pertama','2021-05-12'),('3326164909339076',28,'Vaksin kedua','2021-07-25'),('3326164909339900',40,'Vaksin kedua','2021-09-21'),('3326164909340725',57,'Vaksin ketiga','2022-01-12'),('3326164909341551',21,'Vaksin pertama','2021-06-15'),('3326164909342378',62,'Vaksin ketiga','2022-02-19'),('3326164909343206',65,'Vaksin ketiga','2022-02-28'),('3326164909344865',41,'Vaksin kedua','2021-09-25'),('3326164909345696',12,'Vaksin pertama','2021-04-25'),('3326164909346528',38,'Vaksin kedua','2021-09-11'),('3326164909347361',20,'Vaksin pertama','2021-05-28'),('3326164909348195',55,'Vaksin ketiga','2021-12-15'),('3326164909349030',29,'Vaksin kedua','2021-07-28'),('3326164909349866',4,'Vaksin pertama','2021-01-18'),('3326164909350703',57,'Vaksin ketiga','2022-01-12'),('3326164909351541',25,'Vaksin pertama','2021-07-19'),('3326164909352380',63,'Vaksin ketiga','2022-02-20'),('3326164909354903',29,'Vaksin kedua','2021-07-28'),('3326164909356590',54,'Vaksin ketiga','2021-12-06'),('3326164909357435',16,'Vaksin pertama','2021-05-12'),('3326164909358281',34,'Vaksin kedua','2021-09-06'),('3326164909359976',35,'Vaksin kedua','2021-09-08'),('3326164909361675',61,'Vaksin ketiga','2022-02-16'),('3326164909364231',58,'Vaksin ketiga','2022-01-20'),('3326164909365940',28,'Vaksin kedua','2021-07-25'),('3326164909366796',63,'Vaksin ketiga','2022-02-20'),('3326164909367653',57,'Vaksin ketiga','2022-01-12'),('3326164909368511',60,'Vaksin ketiga','2022-02-15'),('3326164909369370',37,'Vaksin kedua','2021-09-10'),('3326164909370230',65,'Vaksin ketiga','2022-02-28'),('3326164909371953',48,'Vaksin kedua','2021-10-27'),('3326164909372816',6,'Vaksin pertama','2021-01-25'),('3326164909373680',21,'Vaksin pertama','2021-06-15'),('3326164909374545',9,'Vaksin pertama','2021-03-13'),('3326164909375411',45,'Vaksin kedua','2021-10-24'),('3326164909376278',52,'Vaksin ketiga','2021-11-24'),('3326164909377146',29,'Vaksin kedua','2021-07-28'),('3326164909378015',9,'Vaksin pertama','2021-03-13'),('3326164909378885',48,'Vaksin kedua','2021-10-27'),('3326164909379756',66,'Vaksin ketiga','2022-03-02'),('3326164909381501',56,'Vaksin ketiga','2022-01-09'),('3326164909384126',61,'Vaksin ketiga','2022-02-16'),('3326164909385003',20,'Vaksin pertama','2021-05-28'),('3326164909385881',39,'Vaksin kedua','2021-09-12'),('3326164909386760',46,'Vaksin kedua','2021-10-25'),('3326164909387640',10,'Vaksin pertama','2021-03-20'),('3326164909389403',62,'Vaksin ketiga','2022-02-19'),('3326164909390286',26,'Vaksin pertama','2021-07-20'),('3326164909391170',49,'Vaksin kedua','2021-11-06'),('3326164909392055',12,'Vaksin pertama','2021-04-25'),('3326164909392941',55,'Vaksin ketiga','2021-12-15'),('3326164909393828',24,'Vaksin pertama','2021-07-12'),('3326164909394716',10,'Vaksin pertama','2021-03-20'),('3326164909396495',16,'Vaksin pertama','2021-05-12'),('3326164909397386',43,'Vaksin kedua','2021-10-16'),('3326164909398278',10,'Vaksin pertama','2021-03-20'),('3326164909399171',25,'Vaksin pertama','2021-07-19'),('3326164909400065',27,'Vaksin pertama','2021-07-24'),('3326164909401856',24,'Vaksin pertama','2021-07-12'),('3326164909402753',66,'Vaksin ketiga','2022-03-02'),('3326164909403651',57,'Vaksin ketiga','2022-01-12'),('3326164909404550',4,'Vaksin pertama','2021-01-18'),('3326164909405450',10,'Vaksin pertama','2021-03-20'),('3326164909406351',5,'Vaksin pertama','2021-01-19'),('3326164909407253',21,'Vaksin pertama','2021-06-15'),('3326164909408156',12,'Vaksin pertama','2021-04-25'),('3326164909409060',56,'Vaksin ketiga','2022-01-09'),('3326164909409965',66,'Vaksin ketiga','2022-03-02'),('3326164909410871',47,'Vaksin kedua','2021-10-26'),('3326164909411778',56,'Vaksin ketiga','2022-01-09'),('3326164909413595',39,'Vaksin kedua','2021-09-12'),('3326164909414505',24,'Vaksin pertama','2021-07-12'),('3326164909415416',44,'Vaksin kedua','2021-10-17'),('3326164909419070',18,'Vaksin pertama','2021-05-24'),('3326164909419986',48,'Vaksin kedua','2021-10-27'),('3326164909421821',62,'Vaksin ketiga','2022-02-19'),('3326164909422740',42,'Vaksin kedua','2021-10-14'),('3326164909423660',5,'Vaksin pertama','2021-01-19'),('3326164909424581',28,'Vaksin kedua','2021-07-25'),('3326164909425503',30,'Vaksin kedua','2021-08-02'),('3326164909429201',45,'Vaksin kedua','2021-10-24'),('3326164909431056',30,'Vaksin kedua','2021-08-02'),('3326164909431985',23,'Vaksin pertama','2021-07-09'),('3326164909432915',60,'Vaksin ketiga','2022-02-15'),('3326164909436645',30,'Vaksin kedua','2021-08-02'),('3326164909437580',34,'Vaksin kedua','2021-09-06'),('3326164909439453',28,'Vaksin kedua','2021-07-25'),('3326164909440391',17,'Vaksin pertama','2021-05-16'),('3326164909441330',40,'Vaksin kedua','2021-09-21'),('3326164909442270',61,'Vaksin ketiga','2022-02-16'),('3326164909443211',46,'Vaksin kedua','2021-10-25'),('3326164909444153',23,'Vaksin pertama','2021-07-09'),('3326164909446040',32,'Vaksin kedua','2021-08-15'),('3326164909446985',52,'Vaksin ketiga','2021-11-24'),('3326164909448878',58,'Vaksin ketiga','2022-01-20'),('3326164909450775',44,'Vaksin kedua','2021-10-17'),('3326164909451725',70,'Vaksin ketiga','2022-03-21'),('3326164909452676',10,'Vaksin pertama','2021-03-20'),('3326164909453628',20,'Vaksin pertama','2021-05-28'),('3326164909454581',55,'Vaksin ketiga','2021-12-15'),('3326164909456490',41,'Vaksin kedua','2021-09-25'),('3326164909458403',23,'Vaksin pertama','2021-07-09'),('3326164909459361',20,'Vaksin pertama','2021-05-28'),('3326164909462241',18,'Vaksin pertama','2021-05-24'),('3326164909463203',32,'Vaksin kedua','2021-08-15'),('3326164909464166',31,'Vaksin kedua','2021-08-12'),('3326164909465130',9,'Vaksin pertama','2021-03-13'),('3326164909466095',30,'Vaksin kedua','2021-08-02'),('3326164909467061',65,'Vaksin ketiga','2022-02-28'),('3326164909468028',18,'Vaksin pertama','2021-05-24'),('3326164909468996',58,'Vaksin ketiga','2022-01-20'),('3326164909469965',67,'Vaksin ketiga','2022-03-04'),('3326164909470935',16,'Vaksin pertama','2021-05-12'),('3326164909471906',31,'Vaksin kedua','2021-08-12'),('3326164909473851',30,'Vaksin kedua','2021-08-02'),('3326164909474825',20,'Vaksin pertama','2021-05-28'),('3326164909475800',24,'Vaksin pertama','2021-07-12'),('3326164909476776',39,'Vaksin kedua','2021-09-12'),('3326164909479710',53,'Vaksin ketiga','2021-12-03'),('3326164909480690',43,'Vaksin kedua','2021-10-16'),('3326164909481671',63,'Vaksin ketiga','2022-02-20'),('3326164909483636',14,'Vaksin pertama','2021-05-03'),('3326164909484620',54,'Vaksin ketiga','2021-12-06'),('3326164909487578',40,'Vaksin kedua','2021-09-21'),('3326164909488566',13,'Vaksin pertama','2021-05-01'),('3326164909489555',20,'Vaksin pertama','2021-05-28'),('3326164909490545',29,'Vaksin kedua','2021-07-28'),('3326164909491536',16,'Vaksin pertama','2021-05-12'),('3326164909492528',29,'Vaksin kedua','2021-07-28'),('3326164909493521',47,'Vaksin kedua','2021-10-26'),('3326164909495510',25,'Vaksin pertama','2021-07-19'),('3326164909496506',42,'Vaksin kedua','2021-10-14'),('3326164909498501',50,'Vaksin ketiga','2021-11-22'),('3326164909500500',35,'Vaksin kedua','2021-09-08');
/*!40000 ALTER TABLE `divaksin` ENABLE KEYS */;
UNLOCK TABLES;

--
-- Table structure for table `fasilitas_kesehatan`
--

DROP TABLE IF EXISTS `fasilitas_kesehatan`;
/*!40101 SET @saved_cs_client     = @@character_set_client */;
/*!40101 SET character_set_client = utf8 */;
CREATE TABLE `fasilitas_kesehatan` (
  `ID` int(10) unsigned NOT NULL AUTO_INCREMENT,
  `Nama` varchar(255) NOT NULL,
  `Kapasitas_Vaksin` int(10) unsigned DEFAULT 0,
  `ID_Kabupaten_Kota` int(10) unsigned NOT NULL,
  PRIMARY KEY (`ID`),
  KEY `ID_Kabupaten_Kota` (`ID_Kabupaten_Kota`),
  CONSTRAINT `fasilitas_kesehatan_ibfk_1` FOREIGN KEY (`ID_Kabupaten_Kota`) REFERENCES `kabupaten_kota` (`ID`) ON DELETE CASCADE
) ENGINE=InnoDB AUTO_INCREMENT=251 DEFAULT CHARSET=latin1;
/*!40101 SET character_set_client = @saved_cs_client */;

--
-- Dumping data for table `fasilitas_kesehatan`
--

LOCK TABLES `fasilitas_kesehatan` WRITE;
/*!40000 ALTER TABLE `fasilitas_kesehatan` DISABLE KEYS */;
INSERT INTO `fasilitas_kesehatan` (`ID`, `Nama`, `Kapasitas_Vaksin`, `ID_Kabupaten_Kota`) VALUES (1,'RS Joshua',8720,57),(2,'Klinik Jeffrey',895,75),(3,'Puskesmas Shelby',1755,73),(4,'RS Michael',8990,94),(5,'Klinik Judy',750,54),(6,'RS Chelsea',9285,30),(7,'Klinik Steven',945,12),(8,'Klinik Natalie',515,91),(9,'Puskesmas Emily',805,32),(10,'Puskesmas Cynthia',890,47),(11,'Puskesmas Jennifer',340,71),(12,'Klinik Christopher',330,19),(13,'Puskesmas Andrew',1955,90),(14,'RS Jeremy',5965,13),(15,'Puskesmas Anthony',670,36),(16,'Klinik Candice',50,33),(17,'RS Lisa',7220,82),(18,'Puskesmas Cynthia',2270,44),(19,'RS Elijah',9605,4),(20,'Klinik Sandra',400,60),(21,'Klinik Kayla',745,3),(22,'RS Samantha',655,1),(23,'RS Joseph',8220,44),(24,'RS Holly',4105,86),(25,'Klinik Cynthia',260,9),(26,'Puskesmas Dana',435,80),(27,'Klinik Michelle',585,82),(28,'Klinik Colleen',160,39),(29,'Puskesmas Justin',2030,73),(30,'RS Cynthia',6890,69),(31,'RS Marie',6950,7),(32,'Puskesmas Amanda',2190,90),(33,'Klinik Danielle',260,44),(34,'Klinik James',715,58),(35,'Puskesmas Meagan',75,43),(36,'Klinik Joel',25,100),(37,'Puskesmas Stephanie',2315,12),(38,'RS Amanda',2630,57),(39,'Puskesmas Christopher',835,99),(40,'Puskesmas Thomas',1000,89),(41,'Puskesmas James',2125,54),(42,'Puskesmas David',795,28),(43,'RS Joseph',8335,7),(44,'Klinik Antonio',555,31),(45,'RS Brandon',615,68),(46,'RS Joseph',8655,97),(47,'Klinik Christopher',460,31),(48,'RS Christina',2475,100),(49,'Klinik Aaron',225,42),(50,'RS Matthew',3625,23),(51,'Puskesmas Jane',850,87),(52,'RS Vickie',1515,60),(53,'Puskesmas Carl',725,32),(54,'RS James',7625,81),(55,'Puskesmas Vickie',175,100),(56,'Puskesmas Stephen',500,45),(57,'RS Crystal',4760,16),(58,'Klinik Jill',555,76),(59,'RS Meagan',8535,49),(60,'Puskesmas Austin',2310,100),(61,'Klinik Jeffrey',400,34),(62,'RS Kathy',6715,76),(63,'Puskesmas Kim',1255,2),(64,'Klinik John',905,19),(65,'Puskesmas Andrea',1730,15),(66,'Klinik Kristina',80,2),(67,'RS Mary',6715,21),(68,'RS Alexis',5340,5),(69,'Klinik Jeffery',555,97),(70,'Puskesmas Kelly',2415,48),(71,'Klinik Bradley',250,72),(72,'RS David',2645,26),(73,'RS Mark',9050,63),(74,'Puskesmas Robert',395,50),(75,'RS Eric',7780,20),(76,'RS Misty',2800,58),(77,'Puskesmas Michael',1095,85),(78,'Puskesmas Cheyenne',2385,88),(79,'Klinik Vincent',430,4),(80,'Puskesmas Amy',2420,76),(81,'RS Rebecca',4060,90),(82,'Klinik Scott',530,85),(83,'Klinik Christopher',760,62),(84,'Puskesmas Marie',410,11),(85,'Klinik Jeffrey',970,90),(86,'Puskesmas Rebecca',265,16),(87,'Klinik Eric',215,72),(88,'Puskesmas Ebony',2510,96),(89,'Puskesmas Richard',225,33),(90,'RS Jennifer',6605,28),(91,'Puskesmas Jean',1280,27),(92,'Klinik Jeffery',870,52),(93,'Klinik Abigail',560,55),(94,'Puskesmas Kristine',95,91),(95,'Klinik Douglas',855,87),(96,'RS Corey',8775,64),(97,'Klinik Jill',865,48),(98,'Klinik Jacqueline',275,44),(99,'RS Christopher',2720,65),(100,'Puskesmas John',520,9),(101,'RS Felicia',1965,88),(102,'Puskesmas David',440,52),(103,'Klinik Trevor',275,76),(104,'Puskesmas Bruce',1960,37),(105,'RS Jesus',6325,66),(106,'Puskesmas Ashley',2135,7),(107,'RS Stephen',1240,81),(108,'Klinik Devin',270,32),(109,'Puskesmas Brittany',425,84),(110,'Klinik Jerry',450,22),(111,'Puskesmas Martin',1640,33),(112,'Klinik Christopher',65,65),(113,'Puskesmas Jenny',575,76),(114,'Klinik Jennifer',940,44),(115,'RS Jessica',1870,81),(116,'Puskesmas Jennifer',990,100),(117,'Klinik Shari',350,46),(118,'RS Eric',5495,41),(119,'Puskesmas Gregory',180,33),(120,'Puskesmas Kendra',1135,34),(121,'RS Lisa',5540,11),(122,'Puskesmas Lauren',420,92),(123,'RS Nichole',2360,97),(124,'RS Catherine',7915,15),(125,'Puskesmas Patricia',2145,50),(126,'Klinik Donna',45,45),(127,'RS Michelle',7855,36),(128,'Puskesmas Stephen',2495,70),(129,'Klinik Shannon',825,82),(130,'RS David',5085,55),(131,'Klinik Jose',680,89),(132,'Puskesmas Robert',540,76),(133,'Puskesmas James',230,31),(134,'Puskesmas Jesse',1015,49),(135,'Klinik David',310,7),(136,'Klinik David',115,61),(137,'Klinik Molly',470,84),(138,'Puskesmas Troy',1920,73),(139,'RS Tricia',2910,75),(140,'RS Charles',4095,50),(141,'RS Jessica',9325,62),(142,'Puskesmas Laura',1420,10),(143,'RS Kimberly',7070,74),(144,'Puskesmas Nancy',1780,35),(145,'Puskesmas Christopher',1500,47),(146,'Puskesmas Tabitha',450,100),(147,'Klinik Doris',565,94),(148,'RS Stephanie',6630,92),(149,'Puskesmas Joseph',1590,86),(150,'Klinik Tim',260,73),(151,'Puskesmas Martin',2010,66),(152,'Puskesmas Kimberly',2245,39),(153,'RS Margaret',5855,90),(154,'RS Christopher',6955,64),(155,'Puskesmas Kylie',1475,58),(156,'Klinik Kimberly',860,51),(157,'RS Shelley',5310,44),(158,'Puskesmas Kristin',2375,53),(159,'Puskesmas Sheila',2280,9),(160,'Puskesmas Stephanie',1945,64),(161,'RS Julie',2005,7),(162,'RS Luis',220,24),(163,'Puskesmas Janet',1560,62),(164,'Puskesmas Ashley',1375,47),(165,'Klinik Mathew',100,30),(166,'RS Jonathan',1570,87),(167,'Klinik Gary',410,79),(168,'Puskesmas Mark',1630,75),(169,'Klinik Maria',470,87),(170,'Puskesmas Michael',2135,36),(171,'RS Lucas',5495,65),(172,'Klinik Dakota',860,79),(173,'Klinik Bryce',950,48),(174,'Klinik Michelle',120,27),(175,'Klinik Diana',660,9),(176,'Puskesmas Ashley',95,42),(177,'Puskesmas William',2285,23),(178,'Klinik Kelly',980,68),(179,'Klinik Molly',965,25),(180,'RS William',4645,34),(181,'Klinik Alexandra',310,93),(182,'Klinik Zachary',580,4),(183,'RS Scott',9795,56),(184,'Klinik Pamela',615,15),(185,'RS Lindsay',3610,66),(186,'Klinik Dawn',170,63),(187,'Klinik Timothy',970,25),(188,'Klinik Kenneth',250,66),(189,'Klinik Dylan',965,1),(190,'Puskesmas Linda',455,95),(191,'Puskesmas Jeffrey',235,48),(192,'RS David',5890,22),(193,'Klinik Carl',630,19),(194,'Klinik Amy',880,66),(195,'Puskesmas Yvonne',500,86),(196,'RS Justin',7400,29),(197,'RS Megan',4250,13),(198,'Puskesmas Hunter',455,26),(199,'Klinik Micheal',265,98),(200,'Klinik John',860,94),(201,'Klinik Steven',535,51),(202,'RS James',5075,52),(203,'Klinik Mary',540,5),(204,'Puskesmas Sherri',690,32),(205,'RS Patricia',975,87),(206,'Puskesmas Anthony',195,92),(207,'Puskesmas Sean',380,72),(208,'RS Rebecca',2790,58),(209,'RS Michael',9465,22),(210,'RS James',3935,82),(211,'Puskesmas Amy',525,94),(212,'Puskesmas Antonio',310,26),(213,'Puskesmas Joshua',2120,51),(214,'Klinik Andrea',115,54),(215,'RS Tammie',7760,68),(216,'Puskesmas Vicki',1870,52),(217,'RS Sara',6215,12),(218,'Puskesmas Jason',1975,76),(219,'RS Nicole',8370,38),(220,'Klinik Bryan',145,9),(221,'RS Amber',180,43),(222,'RS Joseph',3220,46),(223,'Klinik Robert',260,19),(224,'Klinik Jeffrey',635,63),(225,'Puskesmas Cynthia',610,81),(226,'RS Amy',8285,63),(227,'Puskesmas Yolanda',245,58),(228,'RS Anthony',3140,93),(229,'Klinik Patricia',330,60),(230,'Puskesmas Tracey',505,71),(231,'Klinik William',115,64),(232,'Klinik Randy',265,93),(233,'RS Michael',6595,80),(234,'Puskesmas Terri',1440,21),(235,'Klinik Jonathan',130,34),(236,'RS Debra',450,19),(237,'Klinik Alexander',395,17),(238,'RS Edward',235,22),(239,'Puskesmas Misty',1545,94),(240,'RS Joseph',7805,51),(241,'Klinik Christie',700,28),(242,'Puskesmas Kevin',625,92),(243,'Klinik Mary',610,61),(244,'RS Jordan',9190,50),(245,'Puskesmas Oscar',1885,48),(246,'Puskesmas Jose',1715,77),(247,'RS Madeline',785,93),(248,'RS Katherine',5975,6),(249,'Klinik David',475,96),(250,'Klinik Devon',870,43);
/*!40000 ALTER TABLE `fasilitas_kesehatan` ENABLE KEYS */;
UNLOCK TABLES;

--
-- Table structure for table `fasilitas_kesehatan_no_telp`
--

DROP TABLE IF EXISTS `fasilitas_kesehatan_no_telp`;
/*!40101 SET @saved_cs_client     = @@character_set_client */;
/*!40101 SET character_set_client = utf8 */;
CREATE TABLE `fasilitas_kesehatan_no_telp` (
  `ID` int(10) unsigned NOT NULL,
  `No_Telp` varchar(31) NOT NULL,
  PRIMARY KEY (`ID`,`No_Telp`),
  CONSTRAINT `fasilitas_kesehatan_no_telp_ibfk_1` FOREIGN KEY (`ID`) REFERENCES `fasilitas_kesehatan` (`ID`) ON DELETE CASCADE
) ENGINE=InnoDB DEFAULT CHARSET=latin1;
/*!40101 SET character_set_client = @saved_cs_client */;

--
-- Dumping data for table `fasilitas_kesehatan_no_telp`
--

LOCK TABLES `fasilitas_kesehatan_no_telp` WRITE;
/*!40000 ALTER TABLE `fasilitas_kesehatan_no_telp` DISABLE KEYS */;
INSERT INTO `fasilitas_kesehatan_no_telp` (`ID`, `No_Telp`) VALUES (1,'089936318885'),(2,'081370748110'),(2,'082462001474'),(3,'087503817153'),(3,'088690033133'),(4,'082280580549'),(4,'085033195386'),(4,'086805588936'),(5,'085960848859'),(5,'089654735808'),(6,'081695602667'),(6,'084124573495'),(6,'086483270937'),(7,'087372924243'),(8,'083327776942'),(8,'089945893320'),(9,'080768916663'),(9,'082286230078'),(9,'083189468150'),(10,'083421724194'),(11,'084455566595'),(12,'080937709449'),(12,'081795907206'),(13,'084972759022'),(14,'082839615429'),(15,'082383041256'),(15,'086045125571'),(15,'087392492067'),(16,'082815661835'),(16,'088271424283'),(16,'088859939621'),(17,'080204548611'),(17,'081830949873'),(17,'081869954847'),(18,'080753651857'),(18,'082814892764'),(18,'089872745205'),(19,'081423502083'),(19,'084033176150'),(20,'082722390001'),(20,'088588614208'),(21,'084248444806'),(22,'080108764255'),(23,'087044996421'),(24,'082673002806'),(25,'082509766980'),(25,'087923947644'),(26,'080241945082'),(27,'083645973977'),(27,'083807007449'),(27,'085572079212'),(28,'080812157863'),(29,'085472529421'),(30,'088782487578'),(31,'081282386489'),(31,'081536057543'),(32,'081785419728'),(33,'082520144094'),(34,'087513077838'),(35,'080393022984'),(35,'080968925966'),(35,'081720140767'),(36,'080214989760'),(36,'082119131732'),(36,'086242481996'),(37,'083117929366'),(37,'085445977104'),(38,'081509232857'),(38,'083883285256'),(39,'084815058099'),(39,'086481248869'),(40,'083523463554'),(40,'083811785656'),(41,'082600590995'),(41,'087457684659'),(41,'088576124577'),(42,'082630379247'),(42,'082743414759'),(43,'085728387186'),(44,'084828939225'),(44,'087627283024'),(45,'081333170815'),(45,'086932509204'),(45,'088059864569'),(46,'080198433342'),(46,'080236273486'),(47,'084371577755'),(47,'084897674495'),(48,'082508185932'),(48,'084505786642'),(48,'086786073859'),(49,'084266470883'),(49,'086515160211'),(49,'088138052423'),(50,'083447838256'),(50,'083915665392'),(50,'086587193017'),(51,'080476818929'),(51,'088516625428'),(51,'089309282723'),(52,'080331128762'),(52,'084007063331'),(52,'087237439778'),(53,'083861326685'),(53,'086538980427'),(54,'081607032469'),(54,'089916275736'),(55,'082364167866'),(55,'084610478986'),(56,'089015095342'),(57,'080059458445'),(57,'080169702706'),(57,'084905244347'),(58,'083759029966'),(58,'084447115531'),(58,'085280637322'),(59,'080291901045'),(60,'083721331183'),(61,'086241441038'),(61,'087286817838'),(62,'086074798438'),(63,'084129930545'),(63,'087819863649'),(64,'083170695003'),(64,'087659386894'),(65,'085050211714'),(65,'086322972096'),(66,'084161570135'),(66,'084976114069'),(66,'087309270205'),(67,'082250449489'),(67,'082280970427'),(68,'084019958990'),(69,'082037621236'),(69,'083041476063'),(70,'088468993142'),(71,'085528594754'),(72,'087790388866'),(72,'089056679969'),(73,'088011958707'),(74,'080468570559'),(74,'085699993043'),(74,'089049930405'),(75,'086137712315'),(76,'082886848506'),(77,'080004406119'),(77,'081104775460'),(77,'085526472278'),(78,'083561229039'),(78,'084433085190'),(78,'084735154364'),(79,'086882498195'),(79,'088181263035'),(79,'088449816809'),(80,'081249972966'),(80,'083713729256'),(81,'087150084190'),(82,'080293235868'),(82,'087859192334'),(83,'083279970561'),(83,'083927184037'),(84,'083207505491'),(84,'085575529336'),(84,'086806212320'),(85,'087989372954'),(85,'089647287053'),(86,'080828028222'),(87,'083144565165'),(87,'087561297992'),(88,'082474612371'),(88,'085658492952'),(88,'088226921923'),(89,'081308771785'),(89,'084783107177'),(89,'089828220438'),(90,'082941496643'),(90,'084011910929'),(90,'085550041041'),(91,'086004480556'),(91,'087913308532'),(91,'088219404885'),(92,'085103526610'),(92,'087568436203'),(92,'088101627721'),(93,'080590926683'),(94,'087923046698'),(95,'081216589454'),(95,'084971037426'),(95,'088591391168'),(96,'081520329219'),(97,'083390681059'),(97,'084566433932'),(97,'089936536526'),(98,'083002455543'),(98,'088096225837'),(98,'089855422384'),(99,'084152930190'),(100,'083658241096'),(101,'087513819810'),(102,'086219515661'),(103,'083809812891'),(103,'085166984052'),(104,'082789046730'),(104,'087459110093'),(104,'087645522531'),(105,'085663622375'),(105,'085955083058'),(105,'087251712687'),(106,'082990202002'),(107,'080415030669'),(107,'087439704496'),(107,'088159862841'),(108,'081568125188'),(108,'081966785980'),(108,'083773502810'),(109,'082960889862'),(109,'083118629050'),(109,'088732953795'),(110,'081486839277'),(110,'086643723834'),(110,'087300162301'),(111,'089133053729'),(112,'080048501801'),(113,'084161366462'),(114,'081305560602'),(114,'082123570347'),(115,'082119723367'),(115,'084970019658'),(115,'086453916332'),(116,'083849537868'),(117,'084639597857'),(117,'086037397192'),(117,'087193472686'),(118,'080729036890'),(118,'085574774456'),(118,'086504653005'),(119,'085660972294'),(119,'089843591447'),(120,'081562954874'),(120,'087134900033'),(121,'081743104019'),(122,'083137041499'),(123,'081327580005'),(124,'080581963368'),(124,'086055752542'),(124,'087428817137'),(125,'084083185979'),(125,'088380071058'),(125,'089266990154'),(126,'081837211237'),(127,'082138077040'),(127,'083360282303'),(127,'083646400979'),(128,'080620333926'),(129,'080290819661'),(129,'082086357889'),(129,'082616516981'),(130,'081848103228'),(130,'084127904383'),(130,'089682033063'),(131,'084082281629'),(131,'088799452098'),(131,'089124504467'),(132,'086719186021'),(132,'089230491832'),(133,'085278281177'),(134,'081067106826'),(134,'086631479971'),(134,'087356691819'),(135,'081666359912'),(135,'086766375875'),(136,'089464164563'),(137,'089058772542'),(138,'082828573207'),(139,'085307893189'),(140,'082509032169'),(140,'089878270642'),(141,'084740814224'),(141,'086962760748'),(141,'087285448228'),(142,'089404960989'),(143,'085604833583'),(143,'087556341310'),(143,'089669919294'),(144,'080142830133'),(144,'080585288455'),(145,'080463381696'),(145,'084094439945'),(146,'080178257564'),(146,'080929462122'),(146,'082347750035'),(147,'085562015851'),(147,'088606787089'),(148,'085414818355'),(149,'080092238102'),(149,'084103578809'),(149,'085326427418'),(150,'085751064209'),(150,'086685462213'),(150,'087703587758'),(151,'087818001610'),(152,'080507679611'),(153,'085325559906'),(154,'084026466175'),(155,'080300507775'),(155,'087026575763'),(156,'081943472246'),(156,'089432888104'),(157,'084547521881'),(157,'085600745899'),(158,'083254016295'),(158,'087117011960'),(159,'081743328394'),(159,'081906301487'),(159,'085181968855'),(160,'084661374260'),(160,'085283830364'),(161,'082711996066'),(161,'084496407210'),(161,'084497023307'),(162,'080060550354'),(163,'080763791481'),(163,'081923815585'),(164,'084102362412'),(164,'087494007135'),(165,'080242353065'),(165,'080675662420'),(166,'089192926115'),(167,'080816097449'),(167,'084955571978'),(167,'088912820041'),(168,'080761082507'),(168,'081901432867'),(168,'082140861605'),(169,'084592043256'),(170,'089842713471'),(171,'081887042714'),(171,'082248907541'),(171,'088562267434'),(172,'082218702823'),(172,'085522850211'),(172,'089668813642'),(173,'084218565376'),(173,'086113953708'),(174,'081478929701'),(174,'083395047262'),(174,'087601986429'),(175,'081341164128'),(176,'080793471590'),(176,'081125374707'),(176,'081787120731'),(177,'086243526036'),(178,'089356144531'),(179,'086637011966'),(179,'088834905619'),(180,'081842437537'),(180,'083727852745'),(180,'087793842231'),(181,'081536402980'),(181,'083417381268'),(181,'086104648667'),(182,'080820396889'),(182,'083491495106'),(182,'084465733172'),(183,'083324702913'),(183,'089090007322'),(184,'082880577902'),(185,'080542935407'),(186,'085350060796'),(186,'085502317610'),(186,'085868645387'),(187,'084184707252'),(187,'084704829435'),(188,'080808206099'),(188,'081150328944'),(188,'088245428570'),(189,'087295821209'),(190,'088736427286'),(191,'086733885722'),(191,'087318908354'),(192,'081345798555'),(192,'085858018159'),(192,'089190373947'),(193,'081634968262'),(194,'080881850980'),(194,'080907115289'),(194,'085484287768'),(195,'084006152520'),(195,'084207315434'),(195,'084800040389'),(196,'081965516987'),(196,'084138980222'),(197,'086487959812'),(197,'087943828773'),(198,'084272689679'),(199,'084034251370'),(199,'087136246206'),(200,'084080691338'),(200,'086444338043'),(201,'085972345186'),(202,'080417300313'),(202,'080822223263'),(202,'081594201408'),(203,'082787478965'),(203,'088856225374'),(204,'083976626617'),(205,'083695731269'),(205,'086183208713'),(205,'088558546315'),(206,'084218750853'),(206,'085393979815'),(206,'088886910628'),(207,'081770130123'),(208,'086661078395'),(208,'088686920150'),(209,'080926718865'),(209,'086770805348'),(210,'083308293332'),(211,'080766431311'),(212,'088586667134'),(213,'083245293890'),(213,'085956298870'),(214,'086262207616'),(214,'086333880556'),(215,'082327150177'),(215,'087266055181'),(216,'080054601782'),(216,'081473998238'),(217,'080025136479'),(217,'081556820539'),(217,'086261915227'),(218,'082676404030'),(218,'089330570320'),(218,'089933278066'),(219,'086952319553'),(220,'083694081669'),(220,'084418370303'),(220,'084971194031'),(221,'085278024107'),(221,'088367660882'),(222,'081296065323'),(222,'083420105886'),(222,'084419584091'),(223,'080160454189'),(223,'081138650010'),(223,'087180585029'),(224,'089081276009'),(225,'082519021002'),(226,'083274707523'),(226,'086130212072'),(227,'087978926201'),(228,'082215940292'),(228,'085111785883'),(228,'086187603530'),(229,'083376434518'),(230,'081418517025'),(230,'081488154182'),(230,'084437745699'),(231,'082741222635'),(231,'084336383124'),(232,'083352743043'),(232,'087246856770'),(232,'088222202226'),(233,'080306414446'),(233,'087820618709'),(233,'089673377076'),(234,'084844392872'),(234,'089988393905'),(235,'085730401362'),(235,'086756302238'),(235,'087320214670'),(236,'080957369998'),(236,'085682510547'),(236,'086043443351'),(237,'081560409284'),(237,'086715703795'),(237,'088805947436'),(238,'084108479300'),(239,'080757706980'),(239,'085703932125'),(240,'081852071799'),(240,'083039359351'),(240,'087550394728'),(241,'084991062588'),(242,'083278866024'),(242,'088494315170'),(242,'089276318060'),(243,'084102866009'),(243,'086669474336'),(243,'089522956477'),(244,'089529922712'),(245,'085044894129'),(245,'086329916601'),(245,'086692560500'),(246,'080642225146'),(246,'080942556713'),(247,'085025013898'),(247,'085958204733'),(248,'080000576999'),(249,'082279908305'),(249,'086761454451'),(250,'083212629488'),(250,'084210083763'),(250,'085558760612');
/*!40000 ALTER TABLE `fasilitas_kesehatan_no_telp` ENABLE KEYS */;
UNLOCK TABLES;

--
-- Table structure for table `jenis_vaksin`
--

DROP TABLE IF EXISTS `jenis_vaksin`;
/*!40101 SET @saved_cs_client     = @@character_set_client */;
/*!40101 SET character_set_client = utf8 */;
CREATE TABLE `jenis_vaksin` (
  `ID` int(10) unsigned NOT NULL AUTO_INCREMENT,
  `Produsen` varchar(255) NOT NULL,
  `Nama` varchar(255) NOT NULL,
  PRIMARY KEY (`ID`)
) ENGINE=InnoDB AUTO_INCREMENT=13 DEFAULT CHARSET=latin1;
/*!40101 SET character_set_client = @saved_cs_client */;

--
-- Dumping data for table `jenis_vaksin`
--

LOCK TABLES `jenis_vaksin` WRITE;
/*!40000 ALTER TABLE `jenis_vaksin` DISABLE KEYS */;
INSERT INTO `jenis_vaksin` (`ID`, `Produsen`, `Nama`) VALUES (1,'China','Sinovac'),(2,'Inggris','AstraZeneca'),(3,'China','Sinopharm'),(4,'Amerika Serikat','Moderna'),(5,'Amerika Serikat','Pfizer'),(6,'Amerika Serikat','Novavax'),(7,'Rusia','Sputnik-V'),(8,'Belanda','Janssen'),(9,'China','Convidencia'),(10,'China','Zifivax'),(11,'China','CanSino'),(12,'China','RBD-Dimer');
/*!40000 ALTER TABLE `jenis_vaksin` ENABLE KEYS */;
UNLOCK TABLES;

--
-- Table structure for table `kabupaten_kota`
--

DROP TABLE IF EXISTS `kabupaten_kota`;
/*!40101 SET @saved_cs_client     = @@character_set_client */;
/*!40101 SET character_set_client = utf8 */;
CREATE TABLE `kabupaten_kota` (
  `ID` int(10) unsigned NOT NULL AUTO_INCREMENT,
  `Nama` varchar(255) NOT NULL,
  `ID_Provinsi` int(10) unsigned NOT NULL,
  PRIMARY KEY (`ID`),
  KEY `ID_Provinsi` (`ID_Provinsi`),
  CONSTRAINT `kabupaten_kota_ibfk_1` FOREIGN KEY (`ID_Provinsi`) REFERENCES `provinsi` (`ID`) ON DELETE CASCADE
) ENGINE=InnoDB AUTO_INCREMENT=101 DEFAULT CHARSET=latin1;
/*!40101 SET character_set_client = @saved_cs_client */;

--
-- Dumping data for table `kabupaten_kota`
--

LOCK TABLES `kabupaten_kota` WRITE;
/*!40000 ALTER TABLE `kabupaten_kota` DISABLE KEYS */;
INSERT INTO `kabupaten_kota` (`ID`, `Nama`, `ID_Provinsi`) VALUES (1,'Banda Aceh',1),(2,'Langsa',1),(3,'Lhokseumawe',1),(4,'Sabang',1),(5,'Subulussalam',1),(6,'Binjai',2),(7,'Gunungsitoli',2),(8,'Medan',2),(9,'Padang Sidempuan',2),(10,'Pematangsiantar',2),(11,'Sibolga',2),(12,'Tanjungbalai',2),(13,'Tebing Tinggi',2),(14,'Bukittinggi',3),(15,'Padang',3),(16,'Padang Panjang',3),(17,'Pariaman',3),(18,'Payakumbuh',3),(19,'Sawahlunto',3),(20,'Solok',3),(21,'Dumai',4),(22,'Pekanbaru',4),(23,'Jambi',5),(24,'Sungai Penuh',5),(25,'Batam',6),(26,'Tanjung Pinang',6),(27,'Bengkulu',7),(28,'Lubuklinggau',8),(29,'Pagar Alam',8),(30,'Palembang',8),(31,'Prabumulih',8),(32,'Pangkal Pinang',9),(33,'Bandar Lampung',10),(34,'Metro',10),(35,'Cilegon',11),(36,'Serang',11),(37,'Tanggerang Selatan',11),(38,'Tanggerang',11),(39,'Jakarta Barat',12),(40,'Jakarta Pusat',12),(41,'Jakarta Selatan',12),(42,'Jakarta Timur',12),(43,'Jakarta Utara',12),(44,'Bandung',13),(45,'Bandung Barat',13),(46,'Banjar',13),(47,'Bekasi',13),(48,'Bogor',13),(49,'Cimahi',13),(50,'Cirebon',13),(51,'Depok',13),(52,'Sukabumi',13),(53,'Tasikmalaya',13),(54,'Magelang',14),(55,'Pekalongan',14),(56,'Salatiga',14),(57,'Semarang',14),(58,'Surakarta',14),(59,'Tegal',14),(60,'Yogyakarta',15),(61,'Batu',16),(62,'Blitar',16),(63,'Kediri',16),(64,'Madiun',16),(65,'Malang',16),(66,'Mojokerto',16),(67,'Pasuruan',16),(68,'Probolinggo',16),(69,'Surabaya',16),(70,'Denpasar',17),(71,'Bima',18),(72,'Mataram',18),(73,'Kupang',19),(74,'Pontianak',20),(75,'Singkawang',20),(76,'Palangka Raya',21),(77,'Banjarbaru',22),(78,'Banjarmasin',22),(79,'Balikpapan',23),(80,'Bontang',23),(81,'Samarinda',23),(82,'Tarakan',24),(83,'Mamuju',25),(84,'Makassar',26),(85,'Palopo',26),(86,'Parepare',26),(87,'Baubau',27),(88,'Kendari',27),(89,'Palu',28),(90,'Gorontalo',29),(91,'Bitung',30),(92,'Kotamobagu',30),(93,'Manado',30),(94,'Tomohon',30),(95,'Ternate',31),(96,'Tidore',31),(97,'Ambon',32),(98,'Tual',32),(99,'Sorong',33),(100,'Jayapura',34);
/*!40000 ALTER TABLE `kabupaten_kota` ENABLE KEYS */;
UNLOCK TABLES;

--
-- Table structure for table `klinik`
--

DROP TABLE IF EXISTS `klinik`;
/*!40101 SET @saved_cs_client     = @@character_set_client */;
/*!40101 SET character_set_client = utf8 */;
CREATE TABLE `klinik` (
  `ID` int(10) unsigned NOT NULL,
  `Kelas` enum('1','2','3') NOT NULL,
  PRIMARY KEY (`ID`),
  CONSTRAINT `klinik_ibfk_1` FOREIGN KEY (`ID`) REFERENCES `fasilitas_kesehatan` (`ID`) ON DELETE CASCADE
) ENGINE=InnoDB DEFAULT CHARSET=latin1;
/*!40101 SET character_set_client = @saved_cs_client */;

--
-- Dumping data for table `klinik`
--

LOCK TABLES `klinik` WRITE;
/*!40000 ALTER TABLE `klinik` DISABLE KEYS */;
INSERT INTO `klinik` (`ID`, `Kelas`) VALUES (2,'3'),(5,'1'),(7,'3'),(8,'2'),(12,'1'),(16,'3'),(20,'1'),(21,'3'),(25,'1'),(27,'3'),(28,'1'),(33,'3'),(34,'1'),(36,'3'),(44,'2'),(47,'3'),(49,'2'),(58,'1'),(61,'2'),(64,'3'),(66,'3'),(69,'2'),(71,'3'),(79,'1'),(82,'1'),(83,'3'),(85,'3'),(87,'1'),(92,'1'),(93,'3'),(95,'3'),(97,'1'),(98,'3'),(103,'2'),(108,'3'),(110,'2'),(112,'3'),(114,'3'),(117,'3'),(126,'2'),(129,'1'),(131,'3'),(135,'2'),(136,'3'),(137,'1'),(147,'1'),(150,'3'),(156,'1'),(165,'3'),(167,'1'),(169,'3'),(172,'2'),(173,'3'),(174,'3'),(175,'2'),(178,'3'),(179,'3'),(181,'1'),(182,'2'),(184,'1'),(186,'1'),(187,'2'),(188,'3'),(189,'1'),(193,'3'),(194,'2'),(199,'2'),(200,'2'),(201,'1'),(203,'1'),(214,'2'),(220,'2'),(223,'2'),(224,'3'),(229,'1'),(231,'3'),(232,'2'),(235,'2'),(237,'2'),(241,'3'),(243,'3'),(249,'1'),(250,'3');
/*!40000 ALTER TABLE `klinik` ENABLE KEYS */;
UNLOCK TABLES;

--
-- Table structure for table `log_record`
--

DROP TABLE IF EXISTS `log_record`;
/*!40101 SET @saved_cs_client     = @@character_set_client */;
/*!40101 SET character_set_client = utf8 */;
CREATE TABLE `log_record` (
  `Timestamp` timestamp NOT NULL DEFAULT current_timestamp(),
  `Status` enum('Diterima','Tidak diterima') NOT NULL,
  `ID_Kabupaten_Kota` int(10) unsigned NOT NULL,
  `ID_Batch_Vaksin` int(10) unsigned NOT NULL,
  PRIMARY KEY (`ID_Batch_Vaksin`,`Timestamp`),
  KEY `ID_Kabupaten_Kota` (`ID_Kabupaten_Kota`),
  KEY `ID_Batch_Vaksin` (`ID_Batch_Vaksin`),
  CONSTRAINT `log_record_ibfk_1` FOREIGN KEY (`ID_Kabupaten_Kota`) REFERENCES `kabupaten_kota` (`ID`) ON DELETE CASCADE,
  CONSTRAINT `log_record_ibfk_2` FOREIGN KEY (`ID_Batch_Vaksin`) REFERENCES `batch_vaksin` (`ID`) ON DELETE CASCADE
) ENGINE=InnoDB DEFAULT CHARSET=latin1;
/*!40101 SET character_set_client = @saved_cs_client */;

--
-- Dumping data for table `log_record`
--

LOCK TABLES `log_record` WRITE;
/*!40000 ALTER TABLE `log_record` DISABLE KEYS */;
INSERT INTO `log_record` (`Timestamp`, `Status`, `ID_Kabupaten_Kota`, `ID_Batch_Vaksin`) VALUES ('2021-03-06 21:56:58','Tidak diterima',47,1),('2021-03-07 21:56:11','Tidak diterima',47,1),('2021-03-08 21:56:28','Tidak diterima',47,1),('2021-03-09 21:56:28','Diterima',47,1),('2021-03-28 00:06:49','Tidak diterima',44,2),('2021-03-29 00:06:17','Tidak diterima',44,2),('2021-03-30 00:06:43','Tidak diterima',44,2),('2021-03-31 00:06:43','Diterima',44,2),('2021-05-13 01:21:03','Tidak diterima',85,3),('2021-05-14 01:21:24','Tidak diterima',85,3),('2021-05-15 01:21:33','Tidak diterima',85,3),('2021-05-16 01:21:33','Diterima',85,3),('2021-07-15 02:44:36','Tidak diterima',45,4),('2021-07-16 02:44:54','Tidak diterima',45,4),('2021-07-17 02:44:43','Tidak diterima',45,4),('2021-07-18 02:44:43','Diterima',45,4),('2021-05-01 18:29:46','Tidak diterima',48,5),('2021-05-02 18:29:55','Tidak diterima',48,5),('2021-05-03 18:29:18','Tidak diterima',48,5),('2021-05-04 18:29:18','Diterima',48,5),('2021-03-21 04:09:44','Tidak diterima',100,6),('2021-03-22 04:09:48','Tidak diterima',100,6),('2021-03-23 04:09:04','Tidak diterima',100,6),('2021-03-24 04:09:04','Diterima',100,6),('2021-08-03 01:44:11','Tidak diterima',73,7),('2021-08-04 01:44:27','Tidak diterima',73,7),('2021-08-05 01:44:47','Tidak diterima',73,7),('2021-08-06 01:44:47','Diterima',73,7),('2021-03-31 00:54:30','Tidak diterima',31,8),('2021-04-01 00:54:52','Tidak diterima',31,8),('2021-04-02 00:54:41','Tidak diterima',31,8),('2021-04-03 00:54:41','Diterima',31,8),('2021-04-09 19:59:29','Tidak diterima',44,9),('2021-04-10 19:59:53','Tidak diterima',44,9),('2021-04-11 19:59:16','Tidak diterima',44,9),('2021-04-12 19:59:16','Diterima',44,9),('2021-09-03 05:31:38','Tidak diterima',16,10),('2021-09-04 05:31:44','Tidak diterima',16,10),('2021-09-05 05:31:56','Tidak diterima',16,10),('2021-09-06 05:31:56','Diterima',16,10),('2021-02-09 21:15:00','Tidak diterima',82,11),('2021-02-10 21:15:16','Tidak diterima',82,11),('2021-02-11 21:15:59','Tidak diterima',82,11),('2021-02-12 21:15:59','Diterima',82,11),('2021-09-30 02:36:04','Tidak diterima',54,12),('2021-10-01 02:36:39','Tidak diterima',54,12),('2021-10-02 02:36:00','Tidak diterima',54,12),('2021-10-03 02:36:00','Diterima',54,12),('2021-09-08 21:20:16','Tidak diterima',90,13),('2021-09-09 21:20:13','Tidak diterima',90,13),('2021-09-10 21:20:16','Tidak diterima',90,13),('2021-09-11 21:20:16','Diterima',90,13),('2021-04-21 03:14:03','Tidak diterima',26,14),('2021-04-22 03:14:20','Tidak diterima',26,14),('2021-04-23 03:14:14','Tidak diterima',26,14),('2021-04-24 03:14:14','Diterima',26,14),('2021-01-21 18:59:50','Tidak diterima',32,15),('2021-01-22 18:59:31','Tidak diterima',32,15),('2021-01-23 18:59:04','Tidak diterima',32,15),('2021-01-24 18:59:04','Diterima',32,15),('2021-06-17 19:37:39','Tidak diterima',44,16),('2021-06-18 19:37:18','Tidak diterima',44,16),('2021-06-19 19:37:58','Tidak diterima',44,16),('2021-06-20 19:37:58','Diterima',44,16),('2021-08-18 23:16:46','Tidak diterima',33,17),('2021-08-19 23:16:33','Tidak diterima',33,17),('2021-08-20 23:16:19','Tidak diterima',33,17),('2021-08-21 23:16:19','Diterima',33,17),('2021-08-09 19:45:59','Tidak diterima',23,18),('2021-08-10 19:45:57','Tidak diterima',23,18),('2021-08-11 19:45:33','Tidak diterima',23,18),('2021-08-12 19:45:33','Diterima',23,18),('2021-08-31 21:59:58','Tidak diterima',85,19),('2021-09-01 21:59:32','Tidak diterima',85,19),('2021-09-02 21:59:09','Tidak diterima',85,19),('2021-09-03 21:59:09','Diterima',85,19),('2021-03-17 02:23:21','Tidak diterima',32,20),('2021-03-18 02:23:05','Tidak diterima',32,20),('2021-03-19 02:23:09','Tidak diterima',32,20),('2021-03-20 02:23:09','Diterima',32,20),('2021-05-24 23:46:26','Tidak diterima',82,21),('2021-05-25 23:46:45','Tidak diterima',82,21),('2021-05-26 23:46:32','Tidak diterima',82,21),('2021-05-27 23:46:32','Diterima',82,21),('2021-09-03 05:20:25','Tidak diterima',31,22),('2021-09-04 05:20:57','Tidak diterima',31,22),('2021-09-05 05:20:00','Tidak diterima',31,22),('2021-09-06 05:20:00','Diterima',31,22),('2021-09-10 04:20:19','Tidak diterima',49,23),('2021-09-11 04:20:37','Tidak diterima',49,23),('2021-09-12 04:20:03','Tidak diterima',49,23),('2021-09-13 04:20:03','Diterima',49,23),('2021-06-20 01:55:16','Tidak diterima',44,24),('2021-06-21 01:55:09','Tidak diterima',44,24),('2021-06-22 01:55:12','Tidak diterima',44,24),('2021-06-23 01:55:12','Diterima',44,24),('2021-11-27 01:56:32','Tidak diterima',80,25),('2021-11-28 01:56:41','Tidak diterima',80,25),('2021-11-29 01:56:18','Tidak diterima',80,25),('2021-11-30 01:56:18','Diterima',80,25),('2021-05-21 18:49:48','Tidak diterima',11,26),('2021-05-22 18:49:49','Tidak diterima',11,26),('2021-05-23 18:49:50','Tidak diterima',11,26),('2021-05-24 18:49:50','Diterima',11,26),('2021-10-31 02:33:19','Tidak diterima',13,27),('2021-11-01 02:33:29','Tidak diterima',13,27),('2021-11-02 02:33:32','Tidak diterima',13,27),('2021-11-03 02:33:32','Diterima',13,27),('2021-10-28 03:50:51','Tidak diterima',34,28),('2021-10-29 03:50:35','Tidak diterima',34,28),('2021-10-30 03:50:45','Tidak diterima',34,28),('2021-10-31 03:50:45','Diterima',34,28),('2021-08-22 22:17:57','Tidak diterima',28,29),('2021-08-23 22:17:25','Tidak diterima',28,29),('2021-08-24 22:17:51','Tidak diterima',28,29),('2021-08-25 22:17:51','Diterima',28,29),('2021-04-24 01:39:44','Tidak diterima',23,30),('2021-04-25 01:39:05','Tidak diterima',23,30),('2021-04-26 01:39:24','Tidak diterima',23,30),('2021-04-27 01:39:24','Diterima',23,30),('2021-05-09 00:04:01','Tidak diterima',28,31),('2021-05-10 00:04:18','Tidak diterima',28,31),('2021-05-11 00:04:15','Tidak diterima',28,31),('2021-05-12 00:04:15','Diterima',28,31),('2021-05-08 03:53:54','Tidak diterima',26,32),('2021-05-09 03:53:30','Tidak diterima',26,32),('2021-05-10 03:53:50','Tidak diterima',26,32),('2021-05-11 03:53:50','Diterima',26,32),('2021-08-13 20:33:14','Tidak diterima',64,33),('2021-08-14 20:33:12','Tidak diterima',64,33),('2021-08-15 20:33:08','Tidak diterima',64,33),('2021-08-16 20:33:08','Diterima',64,33),('2021-01-09 21:34:32','Tidak diterima',31,34),('2021-01-10 21:34:05','Tidak diterima',31,34),('2021-01-11 21:34:15','Tidak diterima',31,34),('2021-01-12 21:34:15','Diterima',31,34),('2021-04-04 03:49:29','Tidak diterima',72,35),('2021-04-05 03:49:00','Tidak diterima',72,35),('2021-04-06 03:49:15','Tidak diterima',72,35),('2021-04-07 03:49:15','Diterima',72,35),('2021-06-19 20:23:39','Tidak diterima',16,36),('2021-06-20 20:23:35','Tidak diterima',16,36),('2021-06-21 20:23:41','Tidak diterima',16,36),('2021-06-22 20:23:41','Diterima',16,36),('2021-12-01 21:50:21','Tidak diterima',15,37),('2021-12-02 21:50:13','Tidak diterima',15,37),('2021-12-03 21:50:28','Tidak diterima',15,37),('2021-12-04 21:50:28','Diterima',15,37),('2021-04-27 23:11:52','Tidak diterima',73,38),('2021-04-28 23:11:36','Tidak diterima',73,38),('2021-04-29 23:11:24','Tidak diterima',73,38),('2021-04-30 23:11:24','Diterima',73,38),('2021-04-16 23:05:33','Tidak diterima',28,39),('2021-04-17 23:05:25','Tidak diterima',28,39),('2021-04-18 23:05:37','Tidak diterima',28,39),('2021-04-19 23:05:37','Diterima',28,39),('2021-11-15 18:37:27','Tidak diterima',12,40),('2021-11-16 18:37:40','Tidak diterima',12,40),('2021-11-17 18:37:32','Tidak diterima',12,40),('2021-11-18 18:37:32','Diterima',12,40),('2021-10-04 19:43:37','Tidak diterima',82,41),('2021-10-05 19:43:01','Tidak diterima',82,41),('2021-10-06 19:43:48','Tidak diterima',82,41),('2021-10-07 19:43:48','Diterima',82,41),('2021-03-16 01:40:48','Tidak diterima',2,42),('2021-03-17 01:40:46','Tidak diterima',2,42),('2021-03-18 01:40:33','Tidak diterima',2,42),('2021-03-19 01:40:33','Diterima',2,42),('2021-04-27 00:18:17','Tidak diterima',76,43),('2021-04-28 00:18:48','Tidak diterima',76,43),('2021-04-29 00:18:33','Tidak diterima',76,43),('2021-04-30 00:18:33','Diterima',76,43),('2021-11-08 01:29:50','Tidak diterima',12,44),('2021-11-09 01:29:48','Tidak diterima',12,44),('2021-11-10 01:29:35','Tidak diterima',12,44),('2021-11-11 01:29:35','Diterima',12,44),('2021-08-12 05:48:00','Tidak diterima',91,45),('2021-08-13 05:48:55','Tidak diterima',91,45),('2021-08-14 05:48:23','Tidak diterima',91,45),('2021-08-15 05:48:23','Diterima',91,45),('2021-06-09 05:30:40','Tidak diterima',58,46),('2021-06-10 05:30:39','Tidak diterima',58,46),('2021-06-11 05:30:23','Tidak diterima',58,46),('2021-06-12 05:30:23','Diterima',58,46),('2021-02-06 23:34:02','Tidak diterima',60,47),('2021-02-07 23:34:23','Tidak diterima',60,47),('2021-02-08 23:34:59','Tidak diterima',60,47),('2021-02-09 23:34:59','Diterima',60,47),('2021-03-20 21:31:58','Tidak diterima',90,48),('2021-03-21 21:31:37','Tidak diterima',90,48),('2021-03-22 21:31:25','Tidak diterima',90,48),('2021-03-23 21:31:25','Diterima',90,48),('2021-05-31 04:53:33','Tidak diterima',76,49),('2021-06-01 04:53:40','Tidak diterima',76,49),('2021-06-02 04:53:42','Tidak diterima',76,49),('2021-06-03 04:53:42','Diterima',76,49),('2021-08-11 05:07:51','Tidak diterima',4,50),('2021-08-12 05:07:55','Tidak diterima',4,50),('2021-08-13 05:07:30','Tidak diterima',4,50),('2021-08-14 05:07:30','Diterima',4,50),('2021-09-10 18:33:10','Tidak diterima',34,51),('2021-09-11 18:33:41','Tidak diterima',34,51),('2021-09-12 18:33:06','Tidak diterima',34,51),('2021-09-13 18:33:06','Diterima',34,51),('2021-08-13 21:19:52','Tidak diterima',49,52),('2021-08-14 21:19:33','Tidak diterima',49,52),('2021-08-15 21:19:30','Tidak diterima',49,52),('2021-08-16 21:19:30','Diterima',49,52),('2021-07-22 05:12:26','Tidak diterima',97,53),('2021-07-23 05:12:29','Tidak diterima',97,53),('2021-07-24 05:12:18','Tidak diterima',97,53),('2021-07-25 05:12:18','Diterima',97,53),('2021-11-30 22:27:22','Tidak diterima',54,54),('2021-12-01 22:27:25','Tidak diterima',54,54),('2021-12-02 22:27:12','Tidak diterima',54,54),('2021-12-03 22:27:12','Diterima',54,54),('2021-07-16 02:44:32','Tidak diterima',11,55),('2021-07-17 02:44:03','Tidak diterima',11,55),('2021-07-18 02:44:17','Tidak diterima',11,55),('2021-07-19 02:44:17','Diterima',11,55),('2021-04-11 23:48:06','Tidak diterima',30,56),('2021-04-12 23:48:01','Tidak diterima',30,56),('2021-04-13 23:48:32','Tidak diterima',30,56),('2021-04-14 23:48:32','Diterima',30,56),('2021-05-12 19:14:13','Tidak diterima',91,57),('2021-05-13 19:14:33','Tidak diterima',91,57),('2021-05-14 19:14:44','Tidak diterima',91,57),('2021-05-15 19:14:44','Diterima',91,57),('2021-02-01 00:30:45','Tidak diterima',64,58),('2021-02-02 00:30:47','Tidak diterima',64,58),('2021-02-03 00:30:28','Tidak diterima',64,58),('2021-02-04 00:30:28','Diterima',64,58),('2021-04-03 05:10:43','Tidak diterima',3,59),('2021-04-04 05:10:06','Tidak diterima',3,59),('2021-04-05 05:10:25','Tidak diterima',3,59),('2021-04-06 05:10:25','Diterima',3,59),('2021-07-03 01:47:41','Tidak diterima',34,60),('2021-07-04 01:47:24','Tidak diterima',34,60),('2021-07-05 01:47:15','Tidak diterima',34,60),('2021-07-06 01:47:15','Diterima',34,60),('2021-04-15 19:37:36','Tidak diterima',49,61),('2021-04-16 19:37:33','Tidak diterima',49,61),('2021-04-17 19:37:47','Tidak diterima',49,61),('2021-04-18 19:37:47','Diterima',49,61),('2021-01-08 18:46:56','Tidak diterima',75,62),('2021-01-09 18:46:19','Tidak diterima',75,62),('2021-01-10 18:46:27','Tidak diterima',75,62),('2021-01-11 18:46:27','Diterima',75,62),('2021-06-21 18:08:00','Tidak diterima',39,63),('2021-06-22 18:08:17','Tidak diterima',39,63),('2021-06-23 18:08:52','Tidak diterima',39,63),('2021-06-24 18:08:52','Diterima',39,63),('2021-11-01 20:04:05','Tidak diterima',71,64),('2021-11-02 20:04:40','Tidak diterima',71,64),('2021-11-03 20:04:52','Tidak diterima',71,64),('2021-11-04 20:04:52','Diterima',71,64),('2021-06-06 01:06:25','Tidak diterima',27,65),('2021-06-07 01:06:03','Tidak diterima',27,65),('2021-06-08 01:06:19','Tidak diterima',27,65),('2021-06-09 01:06:19','Diterima',27,65),('2021-06-05 00:01:23','Tidak diterima',2,66),('2021-06-06 00:01:46','Tidak diterima',2,66),('2021-06-07 00:01:38','Tidak diterima',2,66),('2021-06-08 00:01:38','Diterima',2,66),('2021-09-05 20:16:07','Tidak diterima',90,67),('2021-09-06 20:16:15','Tidak diterima',90,67),('2021-09-07 20:16:52','Tidak diterima',90,67),('2021-09-08 20:16:52','Diterima',90,67),('2021-10-21 01:28:05','Tidak diterima',54,68),('2021-10-22 01:28:23','Tidak diterima',54,68),('2021-10-23 01:28:38','Tidak diterima',54,68),('2021-10-24 01:28:38','Diterima',54,68),('2021-09-18 21:00:23','Tidak diterima',97,69),('2021-09-19 21:00:25','Tidak diterima',97,69),('2021-09-20 21:00:44','Tidak diterima',97,69),('2021-09-21 21:00:44','Diterima',97,69),('2021-01-16 05:45:22','Tidak diterima',91,70),('2021-01-17 05:45:17','Tidak diterima',91,70),('2021-01-18 05:45:03','Tidak diterima',91,70),('2021-01-19 05:45:03','Diterima',91,70),('2021-10-12 18:45:24','Tidak diterima',44,71),('2021-10-13 18:45:58','Tidak diterima',44,71),('2021-10-14 18:45:33','Tidak diterima',44,71),('2021-10-15 18:45:33','Diterima',44,71),('2021-07-25 05:33:20','Tidak diterima',49,72),('2021-07-26 05:33:11','Tidak diterima',49,72),('2021-07-27 05:33:20','Tidak diterima',49,72),('2021-07-28 05:33:20','Diterima',49,72),('2021-05-10 04:50:39','Tidak diterima',100,73),('2021-05-11 04:50:51','Tidak diterima',100,73),('2021-05-12 04:50:59','Tidak diterima',100,73),('2021-05-13 04:50:59','Diterima',100,73),('2021-06-28 18:57:44','Tidak diterima',73,74),('2021-06-29 18:57:36','Tidak diterima',73,74),('2021-06-30 18:57:41','Tidak diterima',73,74),('2021-07-01 18:57:41','Diterima',73,74),('2021-11-23 18:29:28','Tidak diterima',19,75),('2021-11-24 18:29:18','Tidak diterima',19,75),('2021-11-25 18:29:48','Tidak diterima',19,75),('2021-11-26 18:29:48','Diterima',19,75),('2021-07-11 21:47:40','Tidak diterima',65,76),('2021-07-12 21:47:53','Tidak diterima',65,76),('2021-07-13 21:47:10','Tidak diterima',65,76),('2021-07-14 21:47:10','Diterima',65,76),('2021-12-22 22:17:41','Tidak diterima',91,77),('2021-12-23 22:17:11','Tidak diterima',91,77),('2021-12-24 22:17:24','Tidak diterima',91,77),('2021-12-25 22:17:24','Diterima',91,77),('2021-05-28 05:11:00','Tidak diterima',89,78),('2021-05-29 05:11:53','Tidak diterima',89,78),('2021-05-30 05:11:50','Tidak diterima',89,78),('2021-05-31 05:11:50','Diterima',89,78),('2021-03-02 18:28:22','Tidak diterima',2,79),('2021-03-03 18:28:14','Tidak diterima',2,79),('2021-03-04 18:28:52','Tidak diterima',2,79),('2021-03-05 18:28:52','Diterima',2,79),('2021-05-03 04:01:42','Tidak diterima',62,80),('2021-05-04 04:01:34','Tidak diterima',62,80),('2021-05-05 04:01:47','Tidak diterima',62,80),('2021-05-06 04:01:47','Diterima',62,80),('2021-12-26 20:49:26','Tidak diterima',71,81),('2021-12-27 20:49:06','Tidak diterima',71,81),('2021-12-28 20:49:13','Tidak diterima',71,81),('2021-12-29 20:49:13','Diterima',71,81),('2021-08-11 19:47:43','Tidak diterima',55,82),('2021-08-12 19:47:13','Tidak diterima',55,82),('2021-08-13 19:47:50','Tidak diterima',55,82),('2021-08-14 19:47:50','Diterima',55,82),('2021-09-13 19:55:48','Tidak diterima',96,83),('2021-09-14 19:55:41','Tidak diterima',96,83),('2021-09-15 19:55:22','Tidak diterima',96,83),('2021-09-16 19:55:22','Diterima',96,83),('2021-01-07 21:18:22','Tidak diterima',42,84),('2021-01-08 21:18:49','Tidak diterima',42,84),('2021-01-09 21:18:45','Tidak diterima',42,84),('2021-01-10 21:18:45','Diterima',42,84),('2021-12-26 02:39:59','Tidak diterima',12,85),('2021-12-27 02:39:52','Tidak diterima',12,85),('2021-12-28 02:39:49','Tidak diterima',12,85),('2021-12-29 02:39:49','Diterima',12,85),('2021-08-02 00:49:00','Tidak diterima',68,86),('2021-08-03 00:49:35','Tidak diterima',68,86),('2021-08-04 00:49:17','Tidak diterima',68,86),('2021-08-05 00:49:17','Diterima',68,86),('2021-03-19 18:52:47','Tidak diterima',3,87),('2021-03-20 18:52:55','Tidak diterima',3,87),('2021-03-21 18:52:22','Tidak diterima',3,87),('2021-03-22 18:52:22','Diterima',3,87),('2021-05-08 00:16:05','Tidak diterima',90,88),('2021-05-09 00:16:48','Tidak diterima',90,88),('2021-05-10 00:16:57','Tidak diterima',90,88),('2021-05-11 00:16:57','Diterima',90,88),('2021-10-01 22:17:15','Tidak diterima',34,89),('2021-10-02 22:17:06','Tidak diterima',34,89),('2021-10-03 22:17:23','Tidak diterima',34,89),('2021-10-04 22:17:23','Diterima',34,89),('2021-11-30 01:15:02','Tidak diterima',63,90),('2021-12-01 01:15:10','Tidak diterima',63,90),('2021-12-02 01:15:03','Tidak diterima',63,90),('2021-12-03 01:15:03','Diterima',63,90),('2021-05-19 02:57:55','Tidak diterima',5,91),('2021-05-20 02:57:07','Tidak diterima',5,91),('2021-05-21 02:57:24','Tidak diterima',5,91),('2021-05-22 02:57:24','Diterima',5,91),('2021-11-20 03:02:38','Tidak diterima',32,92),('2021-11-21 03:02:16','Tidak diterima',32,92),('2021-11-22 03:02:54','Tidak diterima',32,92),('2021-11-23 03:02:54','Diterima',32,92),('2021-03-30 22:56:36','Tidak diterima',97,93),('2021-03-31 22:56:40','Tidak diterima',97,93),('2021-04-01 22:56:37','Tidak diterima',97,93),('2021-04-02 22:56:37','Diterima',97,93),('2021-07-28 23:38:46','Tidak diterima',4,94),('2021-07-29 23:38:46','Tidak diterima',4,94),('2021-07-30 23:38:54','Tidak diterima',4,94),('2021-07-31 23:38:54','Diterima',4,94),('2021-05-03 23:32:59','Tidak diterima',33,95),('2021-05-04 23:32:45','Tidak diterima',33,95),('2021-05-05 23:32:48','Tidak diterima',33,95),('2021-05-06 23:32:48','Diterima',33,95),('2021-07-15 00:18:36','Tidak diterima',52,96),('2021-07-16 00:18:54','Tidak diterima',52,96),('2021-07-17 00:18:06','Tidak diterima',52,96),('2021-07-18 00:18:06','Diterima',52,96),('2021-10-10 03:18:55','Tidak diterima',100,97),('2021-10-11 03:18:40','Tidak diterima',100,97),('2021-10-12 03:18:36','Tidak diterima',100,97),('2021-10-13 03:18:36','Diterima',100,97),('2021-07-28 00:52:38','Tidak diterima',7,98),('2021-07-29 00:52:42','Tidak diterima',7,98),('2021-07-30 00:52:14','Tidak diterima',7,98),('2021-07-31 00:52:14','Diterima',7,98),('2021-10-16 02:48:42','Tidak diterima',71,99),('2021-10-17 02:48:56','Tidak diterima',71,99),('2021-10-18 02:48:53','Tidak diterima',71,99),('2021-10-19 02:48:53','Diterima',71,99),('2021-05-31 05:11:12','Tidak diterima',31,100),('2021-06-01 05:11:59','Tidak diterima',31,100),('2021-06-02 05:11:12','Tidak diterima',31,100),('2021-06-03 05:11:12','Diterima',31,100);
/*!40000 ALTER TABLE `log_record` ENABLE KEYS */;
UNLOCK TABLES;

--
-- Table structure for table `mengidap`
--

DROP TABLE IF EXISTS `mengidap`;
/*!40101 SET @saved_cs_client     = @@character_set_client */;
/*!40101 SET character_set_client = utf8 */;
CREATE TABLE `mengidap` (
  `ID_Penyakit` int(10) unsigned NOT NULL,
  `NIK` varchar(16) NOT NULL,
  PRIMARY KEY (`ID_Penyakit`,`NIK`),
  KEY `NIK` (`NIK`),
  CONSTRAINT `mengidap_ibfk_1` FOREIGN KEY (`ID_Penyakit`) REFERENCES `penyakit` (`ID`) ON DELETE CASCADE,
  CONSTRAINT `mengidap_ibfk_2` FOREIGN KEY (`NIK`) REFERENCES `penduduk` (`NIK`) ON DELETE CASCADE
) ENGINE=InnoDB DEFAULT CHARSET=latin1;
/*!40101 SET character_set_client = @saved_cs_client */;

--
-- Dumping data for table `mengidap`
--

LOCK TABLES `mengidap` WRITE;
/*!40000 ALTER TABLE `mengidap` DISABLE KEYS */;
INSERT INTO `mengidap` (`ID_Penyakit`, `NIK`) VALUES (1,'3326164909010878'),(1,'3326164909082621'),(1,'3326164909237016'),(2,'3326164909030381'),(2,'3326164909246753'),(2,'3326164909423660'),(3,'3326164909024090'),(3,'3326164909102378'),(3,'3326164909319600'),(4,'3326164909012090'),(4,'3326164909149878'),(4,'3326164909349030'),(4,'3326164909354061'),(4,'3326164909378015'),(5,'3326164909302253'),(5,'3326164909406351'),(6,'3326164909013861'),(6,'3326164909066430'),(8,'3326164909222778'),(8,'3326164909349866'),(9,'3326164909058996'),(11,'3326164909004465'),(12,'3326164909002211'),(12,'3326164909035778'),(12,'3326164909185745'),(12,'3326164909365940'),(13,'3326164909013041'),(13,'3326164909043071'),(13,'3326164909043956'),(13,'3326164909048516'),(13,'3326164909479710'),(13,'3326164909490545'),(14,'3326164909076636'),(14,'3326164909133386'),(14,'3326164909173166'),(14,'3326164909216153'),(15,'3326164909024531'),(15,'3326164909232221'),(16,'3326164909000021'),(16,'3326164909081003'),(16,'3326164909356590'),(16,'3326164909383250'),(17,'3326164909166176'),(20,'3326164909000903'),(20,'3326164909006441'),(20,'3326164909050721'),(20,'3326164909055611'),(20,'3326164909129795'),(20,'3326164909339076'),(20,'3326164909473851'),(21,'3326164909000231'),(21,'3326164909359128'),(22,'3326164909003321'),(22,'3326164909004950'),(22,'3326164909088410'),(22,'3326164909392941'),(23,'3326164909003741'),(23,'3326164909060726'),(23,'3326164909148240'),(23,'3326164909170236'),(24,'3326164909044551'),(24,'3326164909050086'),(24,'3326164909070876'),(24,'3326164909295296'),(24,'3326164909439453'),(25,'3326164909126756'),(27,'3326164909020910'),(28,'3326164909034453'),(28,'3326164909042486'),(28,'3326164909090100'),(29,'3326164909454581'),(30,'3326164909072771'),(31,'3326164909004186'),(31,'3326164909128271'),(32,'3326164909037128'),(32,'3326164909337431'),(33,'3326164909002926'),(33,'3326164909046971'),(33,'3326164909486591'),(34,'3326164909034716'),(34,'3326164909053301'),(34,'3326164909228150'),(35,'3326164909154846'),(35,'3326164909162165'),(35,'3326164909187578'),(35,'3326164909216811'),(35,'3326164909484620'),(36,'3326164909028441'),(36,'3326164909360825'),(36,'3326164909498501'),(37,'3326164909000946'),(37,'3326164909307720'),(38,'3326164909014028'),(38,'3326164909141778'),(38,'3326164909404550'),(39,'3326164909093961'),(39,'3326164909128778'),(39,'3326164909165600'),(39,'3326164909263901'),(40,'3326164909057630'),(40,'3326164909336610'),(41,'3326164909016836'),(41,'3326164909059685'),(41,'3326164909134421'),(41,'3326164909318003'),(42,'3326164909045451'),(43,'3326164909036315'),(43,'3326164909211575'),(43,'3326164909226801'),(45,'3326164909040755'),(45,'3326164909041616'),(45,'3326164909446985'),(46,'3326164909008385'),(46,'3326164909258840'),(47,'3326164909152076'),(47,'3326164909305371'),(49,'3326164909159895'),(49,'3326164909241165'),(49,'3326164909376278'),(49,'3326164909494515'),(50,'3326164909008778'),(50,'3326164909019900'),(51,'3326164909003486'),(51,'3326164909011476'),(51,'3326164909158203'),(52,'3326164909012561'),(52,'3326164909033930'),(53,'3326164909015051'),(53,'3326164909178503'),(53,'3326164909285390'),(54,'3326164909009045'),(54,'3326164909073536'),(54,'3326164909093528'),(55,'3326164909182710'),(55,'3326164909195625'),(56,'3326164909069751'),(56,'3326164909106030'),(56,'3326164909138601'),(57,'3326164909163306'),(57,'3326164909465130'),(58,'3326164909022791'),(58,'3326164909164451'),(58,'3326164909348195'),(58,'3326164909463203'),(59,'3326164909000666'),(59,'3326164909006216'),(59,'3326164909246051'),(60,'3326164909023005'),(60,'3326164909171405'),(60,'3326164909172578'),(61,'3326164909030135'),(61,'3326164909255255'),(61,'3326164909266815'),(62,'3326164909036585'),(62,'3326164909214840'),(63,'3326164909354903'),(65,'3326164909001326'),(65,'3326164909016471'),(65,'3326164909046360'),(65,'3326164909056953'),(65,'3326164909096141'),(65,'3326164909471906'),(66,'3326164909071253'),(68,'3326164909058311'),(68,'3326164909090951'),(68,'3326164909124251'),(69,'3326164909234955'),(69,'3326164909412686'),(70,'3326164909007750'),(70,'3326164909035245'),(70,'3326164909054285'),(71,'3326164909039340'),(71,'3326164909110685'),(71,'3326164909210925'),(72,'3326164909008256'),(73,'3326164909472878'),(74,'3326164909087990'),(74,'3326164909289941'),(75,'3326164909033153'),(75,'3326164909101025'),(75,'3326164909312445'),(75,'3326164909314028'),(76,'3326164909025200'),(76,'3326164909029161'),(77,'3326164909436645'),(77,'3326164909464166'),(78,'3326164909074305'),(78,'3326164909174936'),(79,'3326164909001176'),(79,'3326164909006105'),(79,'3326164909008128'),(79,'3326164909011026'),(79,'3326164909026796'),(79,'3326164909064980'),(80,'3326164909186355'),(80,'3326164909372816'),(82,'3326164909018721'),(82,'3326164909127260'),(82,'3326164909134940'),(82,'3326164909269011'),(83,'3326164909214185'),(83,'3326164909374545'),(84,'3326164909005778'),(84,'3326164909106953'),(84,'3326164909431056'),(84,'3326164909434778'),(85,'3326164909003081'),(85,'3326164909115440'),(85,'3326164909157080'),(85,'3326164909304590'),(85,'3326164909377146'),(86,'3326164909138075'),(86,'3326164909492528'),(87,'3326164909025878'),(87,'3326164909115921'),(87,'3326164909303031'),(87,'3326164909335790'),(88,'3326164909032131'),(89,'3326164909084255'),(89,'3326164909166753'),(89,'3326164909299151'),(90,'3326164909007626'),(90,'3326164909250986'),(91,'3326164909447931'),(92,'3326164909192510'),(92,'3326164909446040'),(93,'3326164909021528'),(95,'3326164909000741'),(95,'3326164909030628'),(95,'3326164909088831'),(96,'3326164909031878'),(96,'3326164909220116'),(96,'3326164909424581'),(97,'3326164909000153'),(97,'3326164909002628'),(97,'3326164909005671'),(97,'3326164909027966'),(97,'3326164909085491'),(97,'3326164909105111'),(97,'3326164909425503'),(98,'3326164909028203'),(98,'3326164909093096'),(99,'3326164909145530'),(99,'3326164909466095'),(100,'3326164909022578'),(100,'3326164909042778'),(100,'3326164909097903'),(100,'3326164909111628'),(100,'3326164909132355'),(100,'3326164909271953');
/*!40000 ALTER TABLE `mengidap` ENABLE KEYS */;
UNLOCK TABLES;

--
-- Table structure for table `penduduk`
--

DROP TABLE IF EXISTS `penduduk`;
/*!40101 SET @saved_cs_client     = @@character_set_client */;
/*!40101 SET character_set_client = utf8 */;
CREATE TABLE `penduduk` (
  `NIK` varchar(16) NOT NULL,
  `Nama_Depan` varchar(255) NOT NULL,
  `Nama_Belakang` varchar(255) NOT NULL,
  `No_Telp` varchar(31) NOT NULL,
  `Jenis_Kelamin` enum('L','P') NOT NULL,
  `Pekerjaan` varchar(255) NOT NULL,
  `Kategori` enum('Tenaga kesehatan','Lanjut usia','Petugas publik','Masyarakat umum') NOT NULL,
  `Status_Vaksinasi` enum('Belum divaksin','Vaksin pertama','Vaksin kedua','Vaksin ketiga') DEFAULT 'Belum divaksin',
  `Tanggal_Lahir` date NOT NULL,
  PRIMARY KEY (`NIK`)
) ENGINE=InnoDB DEFAULT CHARSET=latin1;
/*!40101 SET character_set_client = @saved_cs_client */;

--
-- Dumping data for table `penduduk`
--

LOCK TABLES `penduduk` WRITE;
/*!40000 ALTER TABLE `penduduk` DISABLE KEYS */;
INSERT INTO `penduduk` (`NIK`, `Nama_Depan`, `Nama_Belakang`, `No_Telp`, `Jenis_Kelamin`, `Pekerjaan`, `Kategori`, `Status_Vaksinasi`, `Tanggal_Lahir`) VALUES ('3326164909000001','Tommy','Morris','087846096321','L','Medical illustrator','Tenaga kesehatan','Vaksin pertama','1990-03-19'),('3326164909000003','William','Johnson','087846033726','L','Prison officer','Masyarakat umum','Vaksin pertama','1973-03-24'),('3326164909000006','Samantha','Smith','082300000452','P','Immunologist','Petugas publik','Vaksin pertama','2002-02-08'),('3326164909000010','Joseph','Snow','087846106555','L','Metallurgist','Masyarakat umum','Vaksin kedua','1964-01-12'),('3326164909000015','Cassandra','Rodriguez','082300000250','P','Chiropodist','Petugas publik','Vaksin ketiga','1986-06-12'),('3326164909000021','Daniel','Mcfarland','087846085800','L','Museum/gallery curator','Petugas publik','Belum divaksin','1981-01-26'),('3326164909000028','Marcus','Gardner','089946000366','L','Politician\'s assistant','Masyarakat umum','Belum divaksin','1983-09-19'),('3326164909000036','Jocelyn','Howard','089946000534','P','Teacher, special educational needs','Masyarakat umum','Vaksin kedua','1979-06-13'),('3326164909000045','Sarah','Crawford','087846134385','P','Film/video editor','Lanjut usia','Vaksin ketiga','2003-07-25'),('3326164909000055','Teresa','Walls','082300000542','L','Actor','Petugas publik','Vaksin kedua','2004-12-05'),('3326164909000066','Mark','Taylor','082300000560','P','Textile designer','Tenaga kesehatan','Vaksin ketiga','1969-09-06'),('3326164909000078','Christina','Kane','082300000588','L','Hydrographic surveyor','Petugas publik','Vaksin kedua','1974-01-09'),('3326164909000091','Kylie','Wilson','087846042960','L','Sales promotion account executive','Tenaga kesehatan','Vaksin kedua','1980-03-22'),('3326164909000105','Dominique','Fuller','082300000558','L','Patent attorney','Lanjut usia','Vaksin kedua','2003-02-08'),('3326164909000120','Melinda','Williams','087846022126','P','Copywriter, advertising','Lanjut usia','Belum divaksin','1961-06-21'),('3326164909000136','Matthew','Wise','089946000476','L','Administrator, sports','Masyarakat umum','Vaksin ketiga','2002-05-28'),('3326164909000153','Darlene','Thomas','087846030885','P','Network engineer','Lanjut usia','Vaksin pertama','2004-07-28'),('3326164909000171','Jacqueline','Romero','082300000380','L','Publishing copy','Petugas publik','Vaksin ketiga','1981-01-10'),('3326164909000190','Lindsay','Evans','087846070078','L','Physiological scientist','Petugas publik','Vaksin pertama','1970-10-20'),('3326164909000210','Kelly','Jacobson','087846090436','L','Surveyor, hydrographic','Petugas publik','Vaksin kedua','1969-06-24'),('3326164909000231','Alyssa','Pham','089946000170','P','Structural engineer','Lanjut usia','Vaksin kedua','1985-09-03'),('3326164909000253','Brianna','Lamb','082300000248','L','Purchasing manager','Tenaga kesehatan','Vaksin pertama','1998-09-14'),('3326164909000276','Mary','Pacheco','089946000480','L','Location manager','Petugas publik','Vaksin pertama','1991-03-23'),('3326164909000300','Ian','Crane','085946023485','L','Quality manager','Petugas publik','Vaksin pertama','1986-12-16'),('3326164909000325','Anthony','Hamilton','087846187015','P','Mechanical engineer','Tenaga kesehatan','Vaksin kedua','1963-09-05'),('3326164909000351','Vanessa','Moore','082300000304','L','Veterinary surgeon','Lanjut usia','Belum divaksin','1964-04-21'),('3326164909000378','Shelby','Boyle','089946000362','P','Multimedia specialist','Masyarakat umum','Belum divaksin','1998-11-08'),('3326164909000406','Kelsey','James','087846006520','L','Immunologist','Tenaga kesehatan','Belum divaksin','1974-07-03'),('3326164909000435','Jason','Shannon','087846129828','P','Armed forces technical officer','Petugas publik','Vaksin kedua','1991-12-01'),('3326164909000465','John','Powers','089946000322','P','Retail merchandiser','Masyarakat umum','Vaksin kedua','1992-12-07'),('3326164909000496','Jennifer','Pearson','082300000016','P','Patent examiner','Masyarakat umum','Vaksin kedua','1992-04-12'),('3326164909000528','Carla','Murphy','089946000354','P','Chief Technology Officer','Masyarakat umum','Belum divaksin','1997-12-09'),('3326164909000561','Matthew','Hoover','082300000576','L','Therapist, drama','Masyarakat umum','Vaksin pertama','2000-06-12'),('3326164909000595','James','Wilson','087846048471','P','Research scientist (maths)','Lanjut usia','Vaksin pertama','1971-04-12'),('3326164909000630','Dennis','Howard','087846012865','L','Charity officer','Petugas publik','Belum divaksin','1968-01-05'),('3326164909000666','Joy','Johnston','085946012435','P','Games developer','Tenaga kesehatan','Belum divaksin','1980-11-08'),('3326164909000703','Eric','Clark','087846181203','P','English as a foreign language teacher','Petugas publik','Belum divaksin','1977-08-15'),('3326164909000741','Jennifer','Villa','087846024396','L','Data scientist','Tenaga kesehatan','Vaksin pertama','1976-12-07'),('3326164909000780','Erik','Cobb','089946000012','P','Environmental education officer','Petugas publik','Vaksin kedua','1981-01-01'),('3326164909000820','Andrea','Payne','082300000344','L','Engineer, energy','Petugas publik','Belum divaksin','1997-03-14'),('3326164909000861','Ariel','Williams','087846035160','L','Education officer, community','Masyarakat umum','Vaksin kedua','2001-03-13'),('3326164909000903','Elizabeth','Guerra','087846092778','P','Human resources officer','Petugas publik','Vaksin pertama','1997-07-13'),('3326164909000946','Shawn','Torres','089946000562','P','Dance movement psychotherapist','Lanjut usia','Vaksin ketiga','1969-10-26'),('3326164909000990','Carlos','Horton','082300000514','P','Chartered public finance accountant','Lanjut usia','Vaksin kedua','2005-08-17'),('3326164909001035','Laura','Warren','085946023031','P','Psychotherapist','Lanjut usia','Vaksin ketiga','1982-03-25'),('3326164909001081','Alyssa','Sanders','089946000018','P','Government social research officer','Lanjut usia','Belum divaksin','1984-11-25'),('3326164909001128','Mary','Jensen','087846073381','L','Television/film/video producer','Masyarakat umum','Vaksin ketiga','1998-09-23'),('3326164909001176','David','Wright','087846011578','P','Medical physicist','Tenaga kesehatan','Vaksin kedua','1967-06-01'),('3326164909001225','Nathan','Stafford','087846084078','L','Geophysicist/field seismologist','Masyarakat umum','Vaksin ketiga','1993-03-19'),('3326164909001275','Daniel','Hamilton','082300000536','L','Accountant, chartered public finance','Masyarakat umum','Vaksin ketiga','1987-02-15'),('3326164909001326','Tyler','Haney','087846138330','L','Glass blower/designer','Lanjut usia','Belum divaksin','2001-09-08'),('3326164909001378','David','Robinson','087846041478','L','Environmental health practitioner','Masyarakat umum','Vaksin kedua','1990-05-06'),('3326164909001431','James','Daniels','087846043456','L','Art therapist','Tenaga kesehatan','Vaksin kedua','1995-12-05'),('3326164909001485','Robin','Hodge','082300000082','L','Amenity horticulturist','Lanjut usia','Vaksin pertama','1990-08-04'),('3326164909001540','Craig','Shannon','087846169065','L','Food technologist','Masyarakat umum','Vaksin pertama','2001-08-12'),('3326164909001596','Joel','Mahoney','082300000220','P','Claims inspector/assessor','Tenaga kesehatan','Vaksin ketiga','1983-02-25'),('3326164909001653','Tamara','Dean','085946000400','L','Recruitment consultant','Petugas publik','Vaksin kedua','1997-02-02'),('3326164909001711','Leah','Munoz','089946000274','L','Nurse, children\'s','Petugas publik','Vaksin pertama','1971-08-18'),('3326164909001770','David','Garcia','089946000502','P','Horticulturist, amenity','Lanjut usia','Vaksin pertama','1962-11-02'),('3326164909001830','Lisa','Miller','089946000256','L','Architect','Tenaga kesehatan','Vaksin kedua','2005-02-06'),('3326164909001891','Hannah','Jones','082300000096','L','Event organiser','Lanjut usia','Vaksin kedua','2000-07-18'),('3326164909001953','Matthew','Baird','082300000206','P','Scientist, water quality','Petugas publik','Vaksin ketiga','1974-12-11'),('3326164909002016','Daniel','Ray','089946000184','P','Air traffic controller','Lanjut usia','Belum divaksin','1960-12-17'),('3326164909002080','Jonathon','Bruce','089946000096','P','Psychiatric nurse','Lanjut usia','Vaksin ketiga','1986-04-06'),('3326164909002145','Angela','Mendoza','087846054621','L','Designer, exhibition/display','Masyarakat umum','Vaksin ketiga','1974-08-02'),('3326164909002211','Steven','Salinas','082300000232','L','Professor Emeritus','Lanjut usia','Belum divaksin','1982-05-05'),('3326164909002278','Alexandra','Mcpherson','087846080661','L','Pilot, airline','Tenaga kesehatan','Vaksin ketiga','2002-10-26'),('3326164909002346','Charles','Hatfield','089946000386','P','Psychotherapist','Tenaga kesehatan','Vaksin pertama','1994-06-04'),('3326164909002415','Bernard','Holt','082300000036','L','Education administrator','Tenaga kesehatan','Vaksin ketiga','1966-03-13'),('3326164909002485','Carolyn','Patterson','089946000380','P','Set designer','Lanjut usia','Vaksin pertama','1971-04-28'),('3326164909002556','Tamara','Pineda','087846133731','P','Media planner','Tenaga kesehatan','Vaksin pertama','1989-09-16'),('3326164909002628','Michelle','Thompson','089946000040','L','Textile designer','Petugas publik','Vaksin ketiga','1966-01-07'),('3326164909002701','Rachel','Smith','085946030885','L','Engineer, structural','Masyarakat umum','Vaksin ketiga','1964-02-03'),('3326164909002775','Kristen','Heath','081033041562','L','Designer, exhibition/display','Masyarakat umum','Belum divaksin','1987-12-07'),('3326164909002850','Edward','Haney','089946000592','L','Local government officer','Masyarakat umum','Vaksin kedua','1962-08-27'),('3326164909002926','Patricia','Tucker','089946000576','L','Community development worker','Tenaga kesehatan','Belum divaksin','2002-05-23'),('3326164909003003','Mercedes','Farley','087846179040','L','Barista','Tenaga kesehatan','Vaksin ketiga','1971-05-06'),('3326164909003081','Chase','Vargas','087846065191','L','Theatre stage manager','Petugas publik','Vaksin kedua','1965-05-13'),('3326164909003160','Erin','Miles','082300000394','L','Research officer, political party','Tenaga kesehatan','Vaksin ketiga','1993-03-12'),('3326164909003240','Michael','Castro','085946027153','L','Chiropractor','Petugas publik','Vaksin kedua','1981-09-12'),('3326164909003321','Jonathon','Chapman','087846140980','L','Heritage manager','Lanjut usia','Vaksin pertama','1960-09-19'),('3326164909003403','Amy','Carter','087846026691','P','Counselling psychologist','Masyarakat umum','Vaksin pertama','1961-11-21'),('3326164909003486','Craig','White','089946000158','L','Magazine features editor','Masyarakat umum','Vaksin pertama','1993-01-19'),('3326164909003570','Alicia','Horne','089946000224','L','Public librarian','Petugas publik','Belum divaksin','1993-02-16'),('3326164909003655','Gregory','Gonzalez','087846110236','L','Cartographer','Tenaga kesehatan','Vaksin ketiga','1992-09-03'),('3326164909003741','Spencer','White','089946000262','L','Housing manager/officer','Petugas publik','Vaksin pertama','1991-11-22'),('3326164909003828','Jason','Peters','082300000236','L','Charity officer','Masyarakat umum','Vaksin ketiga','1978-08-17'),('3326164909003916','Steven','Collins','087846067353','L','International aid/development worker','Masyarakat umum','Vaksin pertama','1969-06-10'),('3326164909004005','Joseph','Williams','087846102910','L','Sales promotion account executive','Masyarakat umum','Belum divaksin','2000-02-02'),('3326164909004095','Edward','Johnson','082300000288','L','Broadcast journalist','Masyarakat umum','Vaksin ketiga','1986-01-16'),('3326164909004186','Vanessa','Tanner','089946000156','L','Stage manager','Masyarakat umum','Vaksin kedua','1991-03-04'),('3326164909004278','Sherry','Phillips','082300000058','L','Chiropractor','Petugas publik','Vaksin kedua','1993-05-12'),('3326164909004371','Robert','Hudson','085946026691','L','IT consultant','Petugas publik','Vaksin pertama','1987-07-21'),('3326164909004465','David','Lee','089946000272','P','Toxicologist','Petugas publik','Belum divaksin','2002-02-17'),('3326164909004560','Cassandra','Welch','089946000182','L','Advertising account executive','Lanjut usia','Belum divaksin','1971-09-21'),('3326164909004656','Jacob','Haynes','082300000178','L','Engineer, site','Tenaga kesehatan','Vaksin pertama','1996-03-16'),('3326164909004851','Jacob','Schwartz','082300000440','P','Teacher, early years/pre','Masyarakat umum','Vaksin kedua','1964-12-25'),('3326164909004950','Tracy','Warren','087846178321','P','Embryologist, clinical','Petugas publik','Vaksin pertama','1962-09-02'),('3326164909005050','Melissa','Lewis','085946039028','L','Teacher, music','Tenaga kesehatan','Vaksin ketiga','1981-12-09'),('3326164909005151','Julia','Cobb','082300000534','L','Research scientist (maths)','Petugas publik','Vaksin kedua','1970-07-19'),('3326164909005253','James','Mcclain','087846075046','L','Scientist, product/process development','Tenaga kesehatan','Vaksin ketiga','1973-01-21'),('3326164909005356','Nancy','Smith','089946000088','P','Higher education careers adviser','Tenaga kesehatan','Vaksin pertama','1965-10-07'),('3326164909005460','Richard','Thompson','087846086376','L','Land/geomatics surveyor','Tenaga kesehatan','Vaksin ketiga','1986-02-22'),('3326164909005565','Jennifer','Waters','087846053070','L','Illustrator','Tenaga kesehatan','Vaksin ketiga','1966-02-06'),('3326164909005671','Tammy','Davis','082300000596','P','Therapist, nutritional','Masyarakat umum','Vaksin ketiga','1988-11-28'),('3326164909005778','Sabrina','Schultz','087846129181','L','Editor, magazine features','Masyarakat umum','Vaksin pertama','1986-05-16'),('3326164909005886','Lindsay','Solomon','089946000308','L','Designer, industrial/product','Petugas publik','Vaksin ketiga','1998-05-09'),('3326164909005995','David','Hines','082300000244','P','Chief Technology Officer','Tenaga kesehatan','Belum divaksin','1970-03-20'),('3326164909006105','Mary','Jones','089946000538','P','Private music teacher','Masyarakat umum','Vaksin pertama','1985-02-07'),('3326164909006216','Gregory','Garcia','089946000422','P','Surveyor, insurance','Masyarakat umum','Vaksin kedua','1966-06-06'),('3326164909006328','Cheryl','Bowers','082300000358','P','Futures trader','Petugas publik','Vaksin ketiga','1992-07-12'),('3326164909006441','Thomas','Lopez','089946000028','P','Control and instrumentation engineer','Tenaga kesehatan','Belum divaksin','1972-01-11'),('3326164909006555','Caleb','Estrada','089946000220','P','Geographical information systems officer','Petugas publik','Belum divaksin','1968-06-23'),('3326164909006670','Erica','Hoffman','089946000128','L','Production manager','Masyarakat umum','Vaksin ketiga','1965-11-03'),('3326164909006786','Lori','Rubio','082300000590','P','Rural practice surveyor','Tenaga kesehatan','Vaksin pertama','2001-11-13'),('3326164909006903','Heidi','Bell','089946000454','L','Media buyer','Masyarakat umum','Vaksin pertama','2004-11-14'),('3326164909007021','Eduardo','Woods','087846072828','L','Firefighter','Tenaga kesehatan','Belum divaksin','1961-04-10'),('3326164909007140','James','Franklin','089946000394','L','Multimedia programmer','Lanjut usia','Vaksin ketiga','1981-05-03'),('3326164909007260','Brianna','Hopkins','089946000010','L','Special effects artist','Tenaga kesehatan','Vaksin kedua','1986-12-09'),('3326164909007381','Devon','Obrien','089946000430','L','Social worker','Masyarakat umum','Vaksin kedua','1977-05-19'),('3326164909007503','Paula','Harris','089946000258','P','Podiatrist','Petugas publik','Vaksin pertama','2001-02-01'),('3326164909007626','Dominic','Watson','087846039028','P','Teacher, secondary school','Petugas publik','Vaksin kedua','1972-04-10'),('3326164909007750','Jessica','Chambers','087846056181','P','Development worker, international aid','Tenaga kesehatan','Belum divaksin','1975-06-18'),('3326164909007875','Wesley','Gates','089946000590','L','Accounting technician','Petugas publik','Vaksin pertama','1992-04-07'),('3326164909008001','James','Smith','082300000256','L','Company secretary','Tenaga kesehatan','Vaksin pertama','1976-07-08'),('3326164909008128','Sierra','Bowers','085946001606','P','Engineer, energy','Petugas publik','Vaksin ketiga','1980-03-17'),('3326164909008256','Sue','Stevens','089946000226','L','Contractor','Petugas publik','Vaksin pertama','1968-07-28'),('3326164909008385','Cynthia','Bridges','087846038055','P','Music tutor','Lanjut usia','Vaksin ketiga','1969-11-04'),('3326164909008515','Steven','Leon','087846048978','P','Engineer, manufacturing','Petugas publik','Vaksin ketiga','1990-09-12'),('3326164909008646','Patrick','Webb','087846082365','L','Oceanographer','Petugas publik','Belum divaksin','1971-04-13'),('3326164909008778','Shannon','Smith','089946000112','L','Therapist, speech and language','Tenaga kesehatan','Vaksin kedua','1979-08-05'),('3326164909008911','Katherine','Harris','082300000030','L','Financial planner','Lanjut usia','Vaksin ketiga','1964-02-18'),('3326164909009045','Kristina','Warren','089946000458','P','Industrial buyer','Masyarakat umum','Belum divaksin','1968-12-20'),('3326164909009180','Kevin','Perez','089946000074','L','Toxicologist','Masyarakat umum','Belum divaksin','1993-10-03'),('3326164909009316','Dylan','Beck','085946007353','P','Runner, broadcasting/film/video','Lanjut usia','Vaksin pertama','1987-02-13'),('3326164909009453','Matthew','Martin','087846188478','P','Field trials officer','Masyarakat umum','Vaksin pertama','1974-12-28'),('3326164909009591','Vincent','Ward','082300000188','P','Comptroller','Petugas publik','Vaksin ketiga','1975-09-04'),('3326164909009730','Jasmine','Salazar','087846062511','L','Higher education lecturer','Masyarakat umum','Vaksin pertama','2005-03-11'),('3326164909009870','John','Marshall','089946000450','P','Surveyor, rural practice','Petugas publik','Belum divaksin','1980-02-17'),('3326164909010011','Charles','Cox','082300000490','P','Toxicologist','Lanjut usia','Vaksin ketiga','1986-09-21'),('3326164909010153','Adam','Haley','089946000154','L','Insurance claims handler','Lanjut usia','Vaksin kedua','1987-03-21'),('3326164909010296','Jonathan','Walker','089946000372','L','Systems analyst','Lanjut usia','Belum divaksin','1979-06-10'),('3326164909010440','Russell','Green','085946016341','P','Optician, dispensing','Lanjut usia','Vaksin kedua','1994-09-20'),('3326164909010585','Lori','White','082300000212','P','Arts development officer','Petugas publik','Vaksin pertama','1971-11-26'),('3326164909010731','Jeremy','Roberts','082300000386','L','Industrial/product designer','Petugas publik','Vaksin kedua','1995-10-16'),('3326164909010878','Timothy','Francis','082300000594','P','Tourist information centre manager','Petugas publik','Vaksin pertama','1992-09-04'),('3326164909011026','Kenneth','Lopez','089946000036','P','Computer games developer','Masyarakat umum','Vaksin pertama','1992-12-07'),('3326164909011175','Jody','Finley','085946041971','P','Historic buildings inspector/conservation officer','Tenaga kesehatan','Vaksin pertama','1998-11-06'),('3326164909011325','Carrie','Roberts','087846018103','P','Surveyor, quantity','Petugas publik','Vaksin kedua','1985-01-05'),('3326164909011476','Tonya','Fleming','082300000592','P','Fashion designer','Petugas publik','Vaksin kedua','1992-11-27'),('3326164909011628','Bryan','Benson','089946000318','L','Print production planner','Masyarakat umum','Vaksin kedua','1968-04-10'),('3326164909011781','Mark','Murray','082300000312','P','Health physicist','Tenaga kesehatan','Vaksin kedua','1979-01-06'),('3326164909011935','Karen','Byrd','087846127890','L','Engineer, petroleum','Petugas publik','Belum divaksin','2004-12-02'),('3326164909012090','David','Austin','082300000150','P','Illustrator','Tenaga kesehatan','Vaksin kedua','1990-01-25'),('3326164909012246','Dawn','Franklin','087846110853','P','Acupuncturist','Petugas publik','Vaksin kedua','1985-11-07'),('3326164909012403','Haley','Smith','082300000330','P','Adult nurse','Masyarakat umum','Vaksin kedua','1985-02-18'),('3326164909012561','William','Pham','087846194370','L','Sports administrator','Tenaga kesehatan','Vaksin ketiga','1975-08-23'),('3326164909012720','Raymond','Humphrey','087846100500','L','Dispensing optician','Petugas publik','Belum divaksin','1974-07-04'),('3326164909012880','Jason','Fields','082300000458','P','Production engineer','Masyarakat umum','Vaksin kedua','1996-04-16'),('3326164909013041','Brittany','Robertson','087846047965','P','Mental health nurse','Masyarakat umum','Vaksin ketiga','1991-06-14'),('3326164909013203','Richard','Adkins','089946000474','P','Civil engineer, contracting','Masyarakat umum','Vaksin kedua','1983-05-21'),('3326164909013366','Christina','Roberts','087846112710','L','Veterinary surgeon','Lanjut usia','Vaksin kedua','2000-08-27'),('3326164909013530','Jamie','Burnett','089946000498','P','Health and safety adviser','Masyarakat umum','Vaksin ketiga','1989-02-07'),('3326164909013695','Aaron','Bailey','085946041478','P','Materials engineer','Tenaga kesehatan','Belum divaksin','1975-12-09'),('3326164909013861','Lori','Marquez','089946000414','P','Broadcast presenter','Petugas publik','Vaksin kedua','1962-02-01'),('3326164909014028','Sandra','Smith','089946000370','P','Museum/gallery curator','Tenaga kesehatan','Vaksin ketiga','1987-09-15'),('3326164909014196','Ronald','Tate','089946000024','L','Psychotherapist','Masyarakat umum','Belum divaksin','1962-07-11'),('3326164909014365','Daniel','Tran','082300000046','L','Secondary school teacher','Petugas publik','Vaksin pertama','1974-02-07'),('3326164909014535','Nina','Cox','085946017661','L','Designer, fashion/clothing','Lanjut usia','Vaksin pertama','1972-10-24'),('3326164909014706','Michelle','Morris','082300000474','L','Animal nutritionist','Masyarakat umum','Vaksin pertama','1995-10-17'),('3326164909014878','Diana','Cooper','087846078403','L','Investment banker, operational','Lanjut usia','Vaksin kedua','1972-01-26'),('3326164909015051','Stephanie','Crosby','087846003636','L','Osteopath','Lanjut usia','Vaksin pertama','1999-01-19'),('3326164909015225','Daniel','Perez','082300000416','P','Therapist, drama','Tenaga kesehatan','Vaksin kedua','1988-05-21'),('3326164909015400','Cody','Sims','082300000068','P','Television floor manager','Lanjut usia','Vaksin ketiga','1974-08-07'),('3326164909015576','Adrian','Calhoun','082300000326','L','Quantity surveyor','Tenaga kesehatan','Vaksin ketiga','1994-11-17'),('3326164909015753','Melissa','Martin','089946000508','L','Designer, ceramics/pottery','Tenaga kesehatan','Vaksin ketiga','1976-08-15'),('3326164909015931','Samuel','Jackson','087846176886','L','Programmer, multimedia','Masyarakat umum','Belum divaksin','1974-03-09'),('3326164909016110','Ashley','Hayden','087846012006','L','Estate agent','Tenaga kesehatan','Belum divaksin','1974-09-07'),('3326164909016471','Gwendolyn','Hunter','087846015903','L','Journalist, broadcasting','Masyarakat umum','Vaksin pertama','1993-02-10'),('3326164909016653','Cynthia','Brown','082300000448','P','Research officer, government','Lanjut usia','Vaksin ketiga','1992-06-17'),('3326164909016836','Erin','Anderson','087846130476','P','Geochemist','Tenaga kesehatan','Vaksin kedua','1998-08-09'),('3326164909017020','Anthony','Goodwin','087846063045','L','Surgeon','Tenaga kesehatan','Vaksin kedua','1964-02-21'),('3326164909017205','James','Gates','087846055660','L','Development worker, international aid','Masyarakat umum','Vaksin ketiga','1972-11-13'),('3326164909017391','Alicia','Scott','087846070626','P','Journalist, magazine','Masyarakat umum','Vaksin kedua','1964-01-14'),('3326164909017578','Krystal','Reed','087846095136','L','Engineer, communications','Masyarakat umum','Vaksin pertama','1993-02-12'),('3326164909017766','Chelsea','James','085946029478','P','Diagnostic radiographer','Lanjut usia','Vaksin kedua','2002-08-25'),('3326164909017955','Michael','Herrera','089946000046','P','Commissioning editor','Petugas publik','Vaksin pertama','1976-09-07'),('3326164909018145','Cynthia','Cooley','085946042960','L','Engineer, manufacturing','Tenaga kesehatan','Vaksin pertama','2003-05-28'),('3326164909018336','Andrew','Willis','089946000032','L','Commercial horticulturist','Tenaga kesehatan','Vaksin kedua','1977-02-17'),('3326164909018528','Todd','Rodriguez','087846004045','L','Therapist, sports','Tenaga kesehatan','Vaksin pertama','1996-01-08'),('3326164909018721','Matthew','Bishop','087846081796','L','Animal nutritionist','Lanjut usia','Vaksin pertama','2000-05-27'),('3326164909018915','Brittney','Wright','082300000392','P','Arts development officer','Lanjut usia','Vaksin kedua','2005-02-06'),('3326164909019110','Cameron','Jacobson','087846010300','L','Aid worker','Masyarakat umum','Vaksin pertama','1972-11-13'),('3326164909019306','David','Becker','082300000418','P','Building control surveyor','Petugas publik','Belum divaksin','1969-07-22'),('3326164909019503','Elizabeth','Harrell','082300000492','L','Engineer, land','Tenaga kesehatan','Vaksin kedua','1971-02-01'),('3326164909019701','David','Graham','089946000204','P','Metallurgist','Petugas publik','Belum divaksin','1962-09-09'),('3326164909019900','Amy','White','089946000506','P','Tree surgeon','Petugas publik','Vaksin kedua','1970-03-02'),('3326164909020100','Patrick','Herrera','087846155841','P','Petroleum engineer','Tenaga kesehatan','Vaksin pertama','1981-09-09'),('3326164909020301','Edward','Patel','089946000002','P','Clinical psychologist','Masyarakat umum','Vaksin ketiga','2001-02-08'),('3326164909020503','Deborah','Barr','087846034681','L','Librarian, academic','Masyarakat umum','Vaksin kedua','1997-05-08'),('3326164909020706','Omar','Sullivan','087846028545','P','Retail banker','Masyarakat umum','Belum divaksin','2002-02-11'),('3326164909020910','Keith','Benitez','082300000034','L','Financial planner','Tenaga kesehatan','Vaksin kedua','1980-02-09'),('3326164909021115','Stephanie','Dudley','087846164151','P','Engineer, broadcasting (operations)','Masyarakat umum','Belum divaksin','1988-08-02'),('3326164909021321','Anthony','Maxwell','087846002415','L','Waste management officer','Petugas publik','Vaksin ketiga','1967-12-03'),('3326164909021528','Deborah','Moore','082300000218','P','Public relations officer','Petugas publik','Belum divaksin','1985-10-02'),('3326164909021736','Brandon','Hernandez','085946011151','L','Production assistant, radio','Tenaga kesehatan','Vaksin ketiga','1981-04-18'),('3326164909021945','Jonathon','Perry','089946000210','P','Research officer, government','Masyarakat umum','Vaksin pertama','1975-09-25'),('3326164909022155','Donald','Pearson','089946000114','L','Hospital doctor','Masyarakat umum','Vaksin kedua','1992-08-18'),('3326164909022366','Nicole','Green','087846008610','L','Actuary','Masyarakat umum','Vaksin pertama','1960-11-20'),('3326164909022578','Curtis','Mcclure','085946025770','L','Meteorologist','Lanjut usia','Vaksin pertama','1998-01-11'),('3326164909022791','John','Sandoval','089946000180','P','Food technologist','Masyarakat umum','Vaksin kedua','1977-08-20'),('3326164909023005','Robert','Cole','082300000170','L','Social researcher','Petugas publik','Belum divaksin','1983-01-24'),('3326164909023220','Joshua','Rogers','085946009031','P','Surveyor, quantity','Masyarakat umum','Vaksin kedua','1990-07-13'),('3326164909023436','Joseph','Cole','082300000346','P','Early years teacher','Petugas publik','Vaksin kedua','2002-11-06'),('3326164909023653','Katherine','Prince','089946000034','P','Homeopath','Petugas publik','Vaksin pertama','1984-08-03'),('3326164909023871','Kenneth','Henry','089946000402','L','Make','Petugas publik','Belum divaksin','1976-01-12'),('3326164909024090','Toni','Holt','089946000310','L','Solicitor, Scotland','Masyarakat umum','Vaksin ketiga','1971-11-24'),('3326164909024310','Brett','House','089946000532','L','Scientist, research (medical)','Tenaga kesehatan','Vaksin ketiga','1998-12-16'),('3326164909024531','Joshua','Rivera','087846059328','L','Civil Service administrator','Petugas publik','Vaksin kedua','1974-10-17'),('3326164909024753','Christopher','Yates','085946030415','L','Solicitor, Scotland','Masyarakat umum','Belum divaksin','1963-08-21'),('3326164909024976','Gail','Lopez','087846184101','L','Exhibitions officer, museum/gallery','Tenaga kesehatan','Vaksin kedua','1963-07-17'),('3326164909025200','Travis','Mullins','087846198085','L','Geoscientist','Petugas publik','Vaksin pertama','1987-05-17'),('3326164909025425','David','Jackson','085946004045','P','Television camera operator','Tenaga kesehatan','Vaksin kedua','1991-09-08'),('3326164909025651','Andrea','Duffy','089946000278','L','Therapist, drama','Tenaga kesehatan','Vaksin pertama','1992-06-18'),('3326164909025878','Susan','Cummings','087846161365','P','Risk analyst','Tenaga kesehatan','Vaksin pertama','1965-05-17'),('3326164909026106','Ashley','Davidson','087846000801','L','Psychologist, counselling','Tenaga kesehatan','Vaksin kedua','1991-09-04'),('3326164909026335','Joseph','Barnes','089946000144','L','Armed forces technical officer','Tenaga kesehatan','Belum divaksin','2004-03-02'),('3326164909026565','Francis','Davis','087846105945','P','Dramatherapist','Tenaga kesehatan','Vaksin kedua','1993-06-24'),('3326164909026796','Sheryl','Stokes','082300000022','P','Furniture conservator/restorer','Petugas publik','Vaksin kedua','1966-06-03'),('3326164909027028','Jesse','Walker','089946000442','L','Physiological scientist','Lanjut usia','Vaksin kedua','1982-04-08'),('3326164909027261','Natasha','Curtis','087846088110','L','Rural practice surveyor','Tenaga kesehatan','Vaksin pertama','1991-04-13'),('3326164909027495','Jennifer','Vaughn','089946000578','P','Therapist, music','Lanjut usia','Vaksin ketiga','1999-01-02'),('3326164909027730','Maria','Cook','082300000158','L','Legal secretary','Masyarakat umum','Vaksin pertama','1996-10-21'),('3326164909027966','James','Martinez','087846201075','L','Administrator, arts','Tenaga kesehatan','Vaksin pertama','1985-09-03'),('3326164909028203','Kimberly','Pittman','087846032775','L','Clinical cytogeneticist','Petugas publik','Vaksin pertama','1960-08-20'),('3326164909028441','James','Richards','089946000078','P','Diagnostic radiographer','Tenaga kesehatan','Vaksin pertama','1963-03-04'),('3326164909028680','Thomas','White','089946000548','L','Animal technologist','Lanjut usia','Vaksin kedua','2004-10-18'),('3326164909028920','Ashley','Wilson','089946000556','L','Warden/ranger','Masyarakat umum','Vaksin pertama','1979-08-26'),('3326164909029161','Walter','Rivera','089946000198','P','Therapist, drama','Tenaga kesehatan','Belum divaksin','1994-12-04'),('3326164909029403','Katie','Smith','089946000288','L','Engineer, broadcasting (operations)','Masyarakat umum','Vaksin kedua','1968-04-23'),('3326164909029646','Brenda','Young','082300000230','P','Radiation protection practitioner','Lanjut usia','Vaksin ketiga','1998-11-24'),('3326164909029890','James','Cain','087846131775','L','Occupational hygienist','Masyarakat umum','Vaksin kedua','2004-05-07'),('3326164909030135','Lisa','Rios','082300000374','L','Quarry manager','Petugas publik','Vaksin ketiga','1980-09-19'),('3326164909030381','Teresa','Cox','089946000166','P','Pharmacist, hospital','Petugas publik','Vaksin pertama','1984-11-01'),('3326164909030628','Claire','Roman','089946000300','P','Cabin crew','Tenaga kesehatan','Belum divaksin','1995-10-21'),('3326164909030876','Shawn','Merritt','082300000532','L','Restaurant manager','Petugas publik','Belum divaksin','1967-07-23'),('3326164909031125','Jennifer','Morton','085946021225','P','Multimedia specialist','Lanjut usia','Belum divaksin','2001-08-02'),('3326164909031375','Alexandra','Mann','087846017220','L','Teacher, special educational needs','Petugas publik','Vaksin pertama','1990-02-27'),('3326164909031626','Connie','Figueroa','089946000082','L','Research scientist (physical sciences)','Lanjut usia','Vaksin kedua','1995-01-12'),('3326164909031878','Brandon','Hernandez','089946000208','P','Broadcast engineer','Lanjut usia','Belum divaksin','1977-08-18'),('3326164909032131','Sharon','Marquez','087846154470','L','Psychologist, sport and exercise','Petugas publik','Belum divaksin','1966-06-28'),('3326164909032385','Kelsey','Lopez','086096110084','L','Applications developer','Lanjut usia','Vaksin kedua','1972-01-16'),('3326164909032640','Johnny','Farrell','082300000216','L','Licensed conveyancer','Petugas publik','Vaksin kedua','1998-06-19'),('3326164909032896','Bruce','Johnson','089946000396','P','Programme researcher, broadcasting/film/video','Petugas publik','Belum divaksin','1981-07-10'),('3326164909033153','Brandon','Jackson','087846143646','P','Psychologist, prison and probation services','Lanjut usia','Belum divaksin','2002-01-10'),('3326164909033411','Cynthia','White','089946000118','L','Charity fundraiser','Lanjut usia','Vaksin pertama','1986-03-12'),('3326164909033670','Brittany','Novak','087846122766','P','Therapist, nutritional','Masyarakat umum','Belum divaksin','1967-03-23'),('3326164909033930','Brad','Roy','082300000282','P','Systems developer','Petugas publik','Vaksin ketiga','1989-08-01'),('3326164909034191','Shelia','Brown','087846166953','L','TEFL teacher','Tenaga kesehatan','Vaksin ketiga','1988-06-24'),('3326164909034453','Robert','Cameron','089946000334','L','Paramedic','Masyarakat umum','Belum divaksin','1961-02-13'),('3326164909034716','Mary','Clark','089946000444','L','Haematologist','Tenaga kesehatan','Vaksin ketiga','1985-10-23'),('3326164909034980','Jodi','Kemp','082300000486','P','Quantity surveyor','Masyarakat umum','Belum divaksin','2000-12-27'),('3326164909035245','Jacob','Mcdaniel','082300000424','L','Architect','Masyarakat umum','Vaksin ketiga','1975-01-11'),('3326164909035511','Marc','White','082300000360','P','Games developer','Petugas publik','Vaksin kedua','1965-09-16'),('3326164909035778','Benjamin','Rodriguez','082300000088','P','Furniture conservator/restorer','Masyarakat umum','Vaksin kedua','1984-09-01'),('3326164909036046','Kimberly','Duffy','082300000564','L','Therapist, occupational','Petugas publik','Belum divaksin','1984-08-06'),('3326164909036315','Edward','Wagner','082300000048','P','Scientist, forensic','Petugas publik','Belum divaksin','1972-02-09'),('3326164909036585','Jacqueline','Smith','087846040495','L','Herpetologist','Masyarakat umum','Vaksin ketiga','1999-07-24'),('3326164909036856','Matthew','Evans','089946000304','P','Fine artist','Petugas publik','Vaksin kedua','1988-06-11'),('3326164909037128','Stephanie','Dennis','087846029011','L','Metallurgist','Masyarakat umum','Vaksin pertama','1997-06-17'),('3326164909037401','Stephen','Chaney','082300000402','P','Dramatherapist','Tenaga kesehatan','Vaksin kedua','1999-01-05'),('3326164909037675','Sandra','Hansen','089946000086','P','Toxicologist','Masyarakat umum','Vaksin kedua','1974-09-12'),('3326164909037950','Miguel','Anderson','087846176170','L','Drilling engineer','Masyarakat umum','Vaksin pertama','1972-08-21'),('3326164909038226','Gabriela','Adams','082300000298','L','Actuary','Lanjut usia','Vaksin kedua','1999-06-15'),('3326164909038503','Lisa','Tyler','087846016780','P','Event organiser','Lanjut usia','Vaksin kedua','1967-07-25'),('3326164909038781','William','Middleton','082300000508','P','Engineer, manufacturing','Masyarakat umum','Vaksin ketiga','1978-11-15'),('3326164909039060','Alexis','Barron','089946000542','L','Ship broker','Petugas publik','Vaksin pertama','1973-01-02'),('3326164909039340','Stacey','Lewis','082300000556','P','Field trials officer','Masyarakat umum','Vaksin ketiga','2003-11-12'),('3326164909039621','Melissa','Robbins','087846132426','P','Magazine features editor','Lanjut usia','Vaksin ketiga','1992-09-01'),('3326164909039903','Emma','Johnston','082300000262','L','Radio broadcast assistant','Masyarakat umum','Belum divaksin','1987-11-10'),('3326164909040186','John','Frazier','089946000598','L','Engineer, technical sales','Petugas publik','Belum divaksin','1997-08-24'),('3326164909040470','Kimberly','Powell','087846104121','L','Theatre director','Tenaga kesehatan','Vaksin kedua','1968-11-09'),('3326164909040755','Sara','Ellison','082300000164','L','Engineer, electrical','Masyarakat umum','Vaksin kedua','1966-09-28'),('3326164909041041','Michelle','Cline','089946000516','P','Lexicographer','Tenaga kesehatan','Vaksin pertama','1971-12-14'),('3326164909041328','Megan','Sanders','089946000070','P','Private music teacher','Petugas publik','Vaksin pertama','1972-01-24'),('3326164909041616','Curtis','Pace','089946000244','P','Therapist, sports','Petugas publik','Vaksin ketiga','1967-03-15'),('3326164909041905','Patricia','Fisher','082300000582','P','Museum/gallery exhibitions officer','Masyarakat umum','Vaksin ketiga','1970-02-15'),('3326164909042195','Shelley','Brown','085946022578','P','Scientist, research (maths)','Lanjut usia','Vaksin pertama','1961-04-10'),('3326164909042486','Brandon','Young','085946010300','L','Psychologist, forensic','Masyarakat umum','Vaksin pertama','1978-06-05'),('3326164909042778','Stephanie','Giles','087846060385','L','Engineer, automotive','Lanjut usia','Vaksin pertama','1974-11-19'),('3326164909043071','Barbara','Shepard','087846046453','L','Designer, industrial/product','Tenaga kesehatan','Vaksin ketiga','1983-02-03'),('3326164909043365','Michael','Young','087846024853','L','Commercial horticulturist','Masyarakat umum','Belum divaksin','1969-12-21'),('3326164909043660','Connor','Ho','089946000482','P','Furniture conservator/restorer','Petugas publik','Vaksin ketiga','1997-11-28'),('3326164909043956','Sara','Dyer','089946000054','P','Horticulturist, commercial','Petugas publik','Vaksin ketiga','1980-08-02'),('3326164909044253','Michelle','Anderson','082300000264','P','Marine scientist','Masyarakat umum','Vaksin ketiga','1974-01-01'),('3326164909044551','Timothy','Aguirre','082300000228','L','Commercial horticulturist','Petugas publik','Vaksin pertama','1967-05-01'),('3326164909044850','Crystal','Jones','085946011578','L','Curator','Petugas publik','Vaksin pertama','2000-08-05'),('3326164909045150','Shaun','Cunningham','089946000440','L','Writer','Lanjut usia','Belum divaksin','2003-09-04'),('3326164909045451','Tara','Matthews','082300000566','P','Clinical research associate','Masyarakat umum','Belum divaksin','1997-02-22'),('3326164909045753','Hunter','Patel','089946000060','P','Clinical cytogeneticist','Petugas publik','Vaksin ketiga','1988-07-07'),('3326164909046056','Melissa','Oliver','089946000378','P','Engineer, civil (consulting)','Petugas publik','Vaksin pertama','1967-10-06'),('3326164909046360','Robin','Mclaughlin','089946000346','L','Logistics and distribution manager','Masyarakat umum','Vaksin kedua','1994-11-15'),('3326164909046665','Benjamin','Espinoza','082300000114','L','Corporate investment banker','Masyarakat umum','Belum divaksin','1999-02-22'),('3326164909046971','Brittany','White','087846174028','L','Biochemist, clinical','Lanjut usia','Vaksin kedua','2000-12-04'),('3326164909047278','Daniel','Delacruz','089946000398','L','Press photographer','Tenaga kesehatan','Vaksin pertama','1973-09-23'),('3326164909047586','Theresa','Smith','087846185556','L','Operational researcher','Tenaga kesehatan','Vaksin ketiga','1964-09-22'),('3326164909047895','Alyssa','Williams','087846028080','P','Metallurgist','Tenaga kesehatan','Vaksin kedua','1961-12-03'),('3326164909048205','Jake','Wyatt','089946000490','P','Pilot, airline','Masyarakat umum','Vaksin ketiga','1992-04-19'),('3326164909048516','Janice','Mathews','082300000530','P','Insurance claims handler','Masyarakat umum','Vaksin pertama','1971-05-28'),('3326164909049141','Mary','Duran','085946025311','L','Lecturer, higher education','Petugas publik','Belum divaksin','2004-07-11'),('3326164909049455','Larry','Murphy','082300000584','P','Environmental consultant','Masyarakat umum','Belum divaksin','1996-04-06'),('3326164909049770','Joshua','Johnson','089946000242','L','Radiographer, diagnostic','Petugas publik','Belum divaksin','1960-03-26'),('3326164909050086','Karen','Kim','089946000284','P','Music therapist','Petugas publik','Vaksin kedua','1981-11-13'),('3326164909050403','Daniel','Williams','089946000328','L','Contractor','Masyarakat umum','Vaksin pertama','1989-02-23'),('3326164909050721','Kyle','Smith','087846120228','P','Public affairs consultant','Petugas publik','Vaksin kedua','2001-03-09'),('3326164909051040','James','White','085946007771','P','Civil engineer, contracting','Tenaga kesehatan','Vaksin kedua','1987-12-03'),('3326164909051360','Andrew','Yoder','087846198831','L','Copywriter, advertising','Petugas publik','Vaksin kedua','1974-06-20'),('3326164909051681','Thomas','Wade','082300000376','L','Psychologist, sport and exercise','Tenaga kesehatan','Vaksin ketiga','1989-01-02'),('3326164909052003','Connie','Barker','082300000276','P','Chartered accountant','Masyarakat umum','Vaksin pertama','1996-09-03'),('3326164909052326','Sonya','Cherry','082300000124','L','Housing manager/officer','Petugas publik','Vaksin ketiga','2000-03-27'),('3326164909052650','Austin','Green','082300000214','P','Designer, television/film set','Tenaga kesehatan','Vaksin kedua','1991-10-01'),('3326164909052975','Angela','Price','082300000586','L','Psychologist, clinical','Tenaga kesehatan','Vaksin ketiga','1965-11-26'),('3326164909053301','Jacob','Farley','089946000296','L','Animal technologist','Masyarakat umum','Vaksin ketiga','2002-05-11'),('3326164909053628','Andrew','Anthony','082300000044','L','Designer, furniture','Lanjut usia','Vaksin pertama','1982-09-15'),('3326164909053956','Matthew','Huynh','082300000156','P','General practice doctor','Masyarakat umum','Vaksin kedua','1973-05-26'),('3326164909054285','Brandon','Ashley','089946000390','P','Photographer','Petugas publik','Vaksin ketiga','1994-02-07'),('3326164909054615','Mary','Mitchell','085946024853','P','Town planner','Tenaga kesehatan','Belum divaksin','1989-04-10'),('3326164909054946','Courtney','Becker','089946000338','L','Designer, ceramics/pottery','Masyarakat umum','Vaksin pertama','2002-10-23'),('3326164909055278','Mark','Frey','082300000294','L','Surveyor, commercial/residential','Petugas publik','Vaksin pertama','1982-03-11'),('3326164909055611','Kenneth','Hayes','089946000512','L','Public relations officer','Petugas publik','Vaksin pertama','1969-03-26'),('3326164909055945','Amy','Hughes','082300000032','L','Land/geomatics surveyor','Lanjut usia','Vaksin kedua','1985-02-20'),('3326164909056280','Mary','Smith','087846174741','L','Theme park manager','Masyarakat umum','Vaksin kedua','1967-07-27'),('3326164909056616','Susan','Richmond','089946000530','P','Engineer, biomedical','Tenaga kesehatan','Vaksin pertama','1992-06-17'),('3326164909056953','Michelle','Dunn','087846008190','L','Personnel officer','Tenaga kesehatan','Vaksin kedua','1995-01-09'),('3326164909057291','Crystal','Crosby','082300000426','P','Doctor, hospital','Lanjut usia','Belum divaksin','1973-03-15'),('3326164909057630','Kathleen','Gibson','085946035640','P','Police officer','Tenaga kesehatan','Vaksin kedua','1966-01-19'),('3326164909057970','Margaret','Shelton','082300000434','L','Administrator, sports','Masyarakat umum','Belum divaksin','1995-11-14'),('3326164909058311','Margaret','Kline','087846145656','L','Community education officer','Petugas publik','Belum divaksin','1982-04-01'),('3326164909058653','Doris','Jordan','089946000600','L','Industrial/product designer','Lanjut usia','Vaksin ketiga','2000-12-13'),('3326164909058996','Steven','Johnson','085946009876','L','Theatre director','Masyarakat umum','Belum divaksin','1997-08-08'),('3326164909059340','Brenda','Fisher','087846007353','L','Make','Tenaga kesehatan','Belum divaksin','1975-12-13'),('3326164909059685','Robert','Mendoza','082300000400','P','Ship broker','Masyarakat umum','Belum divaksin','1985-05-01'),('3326164909060031','James','Pierce','089946000432','P','Oceanographer','Petugas publik','Vaksin pertama','1982-09-01'),('3326164909060378','Kyle','Dixon','085946040495','L','Radio producer','Masyarakat umum','Vaksin ketiga','1962-07-05'),('3326164909060726','Kerri','Wilson','087846038541','L','Scientist, physiological','Petugas publik','Vaksin ketiga','1979-08-07'),('3326164909061075','Alice','Martinez','085946040005','L','Drilling engineer','Masyarakat umum','Vaksin pertama','1983-04-13'),('3326164909061425','Donna','Burns','085946015030','L','Media planner','Lanjut usia','Vaksin pertama','1972-11-08'),('3326164909061776','Alicia','Beck','089946000188','L','Actor','Lanjut usia','Vaksin pertama','1973-11-08'),('3326164909062128','Adriana','Oneal','087846084651','L','Scientist, research (maths)','Tenaga kesehatan','Vaksin kedua','2000-02-28'),('3326164909062481','Amanda','Roberson','089946000126','L','Engineer, petroleum','Lanjut usia','Vaksin kedua','1990-05-11'),('3326164909062835','Caitlin','Torres','089946000558','P','Museum/gallery curator','Petugas publik','Vaksin kedua','1970-10-24'),('3326164909063190','James','Yang','089946000146','P','Probation officer','Tenaga kesehatan','Vaksin kedua','1984-12-27'),('3326164909063546','Kimberly','Gonzalez','082300000190','P','Engineer, maintenance (IT)','Petugas publik','Belum divaksin','2002-11-07'),('3326164909063903','Ryan','Mcclain','082300000072','P','Sports administrator','Lanjut usia','Vaksin kedua','1962-06-07'),('3326164909064261','Eric','Patton','082300000192','L','Engineer, drilling','Petugas publik','Vaksin ketiga','1976-04-26'),('3326164909064620','Michael','Ray','089946000298','P','Forensic scientist','Masyarakat umum','Vaksin pertama','2003-10-01'),('3326164909064980','Joseph','Graham','082300000094','L','Tourism officer','Petugas publik','Vaksin ketiga','1992-03-19'),('3326164909065341','Elizabeth','Hood','087846192153','P','General practice doctor','Lanjut usia','Belum divaksin','1990-03-16'),('3326164909065703','Manuel','Silva','082300000544','L','Quality manager','Masyarakat umum','Vaksin ketiga','2005-02-16'),('3326164909066066','Ana','Grant','085946029011','P','Outdoor activities/education manager','Masyarakat umum','Vaksin kedua','1990-06-16'),('3326164909066430','Nicole','Fischer','089946000064','L','Engineer, civil (consulting)','Petugas publik','Belum divaksin','2000-04-06'),('3326164909066795','Tiffany','Davis','089946000108','P','Teacher, music','Tenaga kesehatan','Belum divaksin','1962-09-12'),('3326164909067161','Krystal','Oconnor','082300000598','P','Market researcher','Tenaga kesehatan','Vaksin ketiga','1970-12-27'),('3326164909067528','Sarah','White','087846137670','P','Translator','Masyarakat umum','Belum divaksin','1981-12-03'),('3326164909067896','Deanna','Zuniga','082300000014','L','Market researcher','Masyarakat umum','Vaksin ketiga','1980-02-25'),('3326164909068265','Megan','Malone','082300000412','P','Pharmacist, hospital','Petugas publik','Belum divaksin','1988-12-16'),('3326164909068635','Tiffany','Cain','089946000104','P','Recycling officer','Petugas publik','Vaksin pertama','1979-03-05'),('3326164909069006','Richard','Jones','087846101703','P','Contractor','Masyarakat umum','Vaksin pertama','1972-10-02'),('3326164909069378','Katelyn','Richardson','087846029478','L','Building surveyor','Lanjut usia','Vaksin ketiga','1970-12-02'),('3326164909069751','Margaret','Rasmussen','087846165550','L','Garment/textile technologist','Lanjut usia','Vaksin kedua','1963-02-20'),('3326164909070125','Juan','Jackson','089946000102','P','Economist','Tenaga kesehatan','Vaksin pertama','1989-12-05'),('3326164909070500','Clarence','Whitehead','087846153786','L','Agricultural engineer','Lanjut usia','Belum divaksin','1990-02-22'),('3326164909070876','Alexis','Robinson','087846040986','P','Field seismologist','Petugas publik','Vaksin ketiga','2004-02-20'),('3326164909071253','Blake','Barrett','087846047460','L','Manufacturing systems engineer','Lanjut usia','Vaksin ketiga','2004-09-27'),('3326164909071631','Jamie','Sloan','087846071175','L','Sales promotion account executive','Masyarakat umum','Vaksin pertama','1973-11-19'),('3326164909072010','Mitchell','Lucas','085946034203','P','International aid/development worker','Tenaga kesehatan','Belum divaksin','1971-11-10'),('3326164909072390','Michael','Baker','087846146328','L','Scientist, physiological','Tenaga kesehatan','Vaksin kedua','2004-01-25'),('3326164909072771','Ashley','Ward','087846001203','P','Building services engineer','Petugas publik','Vaksin ketiga','1982-07-04'),('3326164909073153','Alyssa','Huffman','089946000326','L','Theatre stage manager','Tenaga kesehatan','Vaksin ketiga','1966-02-25'),('3326164909073536','Paul','Mitchell','089946000510','P','Engineer, civil (contracting)','Petugas publik','Vaksin ketiga','1973-08-19'),('3326164909073920','Brandon','Mason','089946000408','P','Lecturer, further education','Lanjut usia','Vaksin ketiga','1960-03-25'),('3326164909074305','Robert','Mason','089946000392','P','Financial trader','Petugas publik','Vaksin pertama','1976-07-03'),('3326164909074691','Rachel','Watson','087846071725','L','Education officer, museum','Petugas publik','Vaksin ketiga','1988-07-20'),('3326164909075078','Jared','Rodriguez','082300000308','L','Environmental manager','Petugas publik','Vaksin pertama','1987-11-20'),('3326164909075466','Mariah','Medina','087846115825','L','Trade mark attorney','Lanjut usia','Vaksin pertama','1976-08-04'),('3326164909075855','James','Patel','089946000460','P','Pharmacologist','Tenaga kesehatan','Vaksin kedua','1984-06-24'),('3326164909076245','Karen','Banks','087846166251','L','Estate manager/land agent','Tenaga kesehatan','Vaksin ketiga','2004-08-02'),('3326164909076636','Jessica','Lester','087846199578','P','Conservation officer, nature','Lanjut usia','Vaksin kedua','1979-02-04'),('3326164909077028','Dakota','Cruz','087846023485','P','Engineer, mining','Petugas publik','Vaksin pertama','1994-01-27'),('3326164909077421','Abigail','Mack','085946020776','P','Conservation officer, historic buildings','Lanjut usia','Vaksin ketiga','1984-10-23'),('3326164909077815','David','Clark','085946037570','P','Cytogeneticist','Tenaga kesehatan','Vaksin kedua','1963-12-10'),('3326164909078210','Zachary','Gomez','082300000422','L','Clinical molecular geneticist','Lanjut usia','Vaksin kedua','1987-07-17'),('3326164909078606','Christopher','Ray','082300000162','P','Oceanographer','Tenaga kesehatan','Vaksin ketiga','2003-08-13'),('3326164909079003','Kayla','Jones','085946043456','P','Geologist, wellsite','Tenaga kesehatan','Vaksin ketiga','1991-02-20'),('3326164909079401','Brian','Hawkins','087846058801','P','Museum/gallery conservator','Petugas publik','Vaksin pertama','1989-08-13'),('3326164909079800','Jose','Collins','082300000506','P','Planning and development surveyor','Tenaga kesehatan','Belum divaksin','1979-01-19'),('3326164909080200','Lori','Lawrence','085946031828','P','Lawyer','Petugas publik','Vaksin kedua','2000-02-17'),('3326164909080601','David','Choi','087846006936','L','Chief Strategy Officer','Petugas publik','Vaksin kedua','1966-09-23'),('3326164909081003','David','Dunn','089946000382','P','IT consultant','Petugas publik','Belum divaksin','1963-10-28'),('3326164909081406','Nicholas','Fowler','087846009031','P','Surveyor, building','Lanjut usia','Vaksin kedua','2001-06-19'),('3326164909081810','Kristina','Hines','089946000428','P','Magazine journalist','Lanjut usia','Belum divaksin','1960-08-28'),('3326164909082215','Bruce','Jennings','089946000472','L','Paediatric nurse','Tenaga kesehatan','Vaksin ketiga','1973-11-25'),('3326164909082621','Holly','Scott','082300000042','L','Librarian, public','Petugas publik','Vaksin ketiga','2005-08-13'),('3326164909083028','Lisa','Harris','082300000024','P','Advertising account executive','Lanjut usia','Vaksin ketiga','1977-01-10'),('3326164909083436','Stacy','Santana','087846037086','P','Farm manager','Masyarakat umum','Belum divaksin','2000-01-15'),('3326164909083845','Eric','Ryan','089946000110','L','Ranger/warden','Lanjut usia','Vaksin ketiga','2004-05-21'),('3326164909084255','Leslie','Jimenez','087846077841','L','Teacher, secondary school','Masyarakat umum','Vaksin pertama','1966-09-08'),('3326164909084666','Stephanie','Cain','087846113953','L','Materials engineer','Lanjut usia','Vaksin pertama','2004-04-22'),('3326164909085078','Kimberly','Gaines','087846193630','P','Chief of Staff','Tenaga kesehatan','Vaksin ketiga','1993-11-12'),('3326164909085491','Gregory','Brooks','082300000572','P','Higher education lecturer','Masyarakat umum','Belum divaksin','1964-08-24'),('3326164909085905','Renee','Conley','087846142978','L','Copy','Masyarakat umum','Vaksin pertama','1973-11-28'),('3326164909086320','Charles','Jennings','082300000302','L','Surveyor, hydrographic','Masyarakat umum','Vaksin pertama','2005-06-03'),('3326164909086736','Joseph','Matthews','082300000456','P','Mental health nurse','Tenaga kesehatan','Vaksin ketiga','1982-11-07'),('3326164909087153','Theodore','Murray','089946000052','P','Computer games developer','Masyarakat umum','Belum divaksin','1996-11-26'),('3326164909087571','Barry','Brady','089946000340','P','Fine artist','Petugas publik','Vaksin kedua','1974-11-01'),('3326164909087990','James','Gonzalez','089946000094','P','Designer, textile','Lanjut usia','Belum divaksin','1965-11-27'),('3326164909088410','Jeremy','Dalton','082300000518','P','Animal technologist','Tenaga kesehatan','Belum divaksin','1987-01-11'),('3326164909088831','Rebecca','Clark','089946000448','P','Insurance broker','Petugas publik','Belum divaksin','1987-08-27'),('3326164909089253','Robert','Holland','082300000568','P','Scientist, research (physical sciences)','Lanjut usia','Vaksin pertama','1997-12-02'),('3326164909089676','Connor','Nguyen','087846096915','L','Corporate treasurer','Tenaga kesehatan','Belum divaksin','1970-07-01'),('3326164909090100','Sonia','Flynn','089946000260','P','Conference centre manager','Masyarakat umum','Vaksin kedua','1986-03-01'),('3326164909090525','Brian','Leach','089946000130','P','Medical laboratory scientific officer','Masyarakat umum','Belum divaksin','1996-06-11'),('3326164909090951','Derek','Harris','087846148350','L','Development worker, international aid','Petugas publik','Belum divaksin','1980-04-09'),('3326164909091378','Mary','Reynolds','082300000140','L','Building surveyor','Petugas publik','Vaksin kedua','1988-04-10'),('3326164909091806','Randall','Webb','082300000270','P','Visual merchandiser','Petugas publik','Vaksin kedua','2001-08-08'),('3326164909092235','Thomas','Olson','087846149026','L','Oncologist','Lanjut usia','Vaksin ketiga','1965-01-07'),('3326164909092665','Samantha','Salazar','089946000374','L','Fish farm manager','Tenaga kesehatan','Vaksin kedua','1969-03-06'),('3326164909093096','Valerie','Glover','085946031356','P','Optometrist','Masyarakat umum','Vaksin pertama','1970-06-03'),('3326164909093528','Kristen','Sheppard','087846175455','P','Restaurant manager','Lanjut usia','Vaksin pertama','1974-04-05'),('3326164909093961','Amanda','Foster','082300000292','L','Scientist, water quality','Lanjut usia','Vaksin kedua','1974-04-10'),('3326164909094395','Daniel','Castro','089946000116','L','Programmer, systems','Masyarakat umum','Vaksin ketiga','1964-09-21'),('3326164909094830','Andre','Yang','082300000078','P','Surveyor, rural practice','Petugas publik','Vaksin kedua','1972-08-10'),('3326164909095266','Kristin','Pearson','089946000190','P','Lecturer, further education','Tenaga kesehatan','Vaksin pertama','1998-07-01'),('3326164909095703','Zachary','Franklin','089946000412','L','Buyer, industrial','Lanjut usia','Vaksin ketiga','1979-05-04'),('3326164909096141','Lynn','Nguyen','089946000240','L','Investment analyst','Masyarakat umum','Vaksin ketiga','1960-09-09'),('3326164909096580','Joe','Williams','087846171895','L','Web designer','Lanjut usia','Vaksin pertama','1993-09-02'),('3326164909097020','Bradley','Reed','087846181926','L','Petroleum engineer','Lanjut usia','Vaksin ketiga','1998-11-21'),('3326164909097461','Anna','Floyd','089946000084','L','Newspaper journalist','Masyarakat umum','Belum divaksin','1990-08-12'),('3326164909097903','Emily','Evans','087846061446','P','Hospital doctor','Masyarakat umum','Vaksin pertama','1961-12-25'),('3326164909098346','Melanie','Martin','087846144315','L','Academic librarian','Petugas publik','Vaksin kedua','1999-09-26'),('3326164909098790','Michael','Robinson','082300000198','L','Quarry manager','Tenaga kesehatan','Belum divaksin','1970-11-12'),('3326164909099235','Shane','Murray','089946000100','P','Fish farm manager','Petugas publik','Belum divaksin','1994-12-14'),('3326164909099681','Steven','Hernandez','087846033250','P','Chartered legal executive (England and Wales)','Lanjut usia','Vaksin pertama','2000-08-23'),('3326164909100128','Carolyn','Flores','082300000168','P','Scientist, audiological','Petugas publik','Vaksin pertama','1967-11-27'),('3326164909100576','Marissa','Gordon','082300000130','P','Investment banker, operational','Petugas publik','Vaksin ketiga','1979-02-23'),('3326164909101025','Carl','Mendoza','082300000450','L','Mudlogger','Masyarakat umum','Vaksin ketiga','1982-04-14'),('3326164909101475','Kevin','Robinson','085946001203','L','Firefighter','Petugas publik','Vaksin pertama','1964-01-11'),('3326164909101926','Robert','Jensen','087846105336','L','Gaffer','Lanjut usia','Vaksin ketiga','1966-07-05'),('3326164909102378','Nicole','Mccullough','085946003228','P','Surgeon','Masyarakat umum','Belum divaksin','1996-04-28'),('3326164909102831','Adam','Taylor','085946002415','L','Fast food restaurant manager','Tenaga kesehatan','Vaksin kedua','1981-03-17'),('3326164909103285','Edward','Hayes','089946000254','L','Company secretary','Petugas publik','Vaksin pertama','1967-04-28'),('3326164909103740','Elizabeth','Barnes','082300000538','L','Primary school teacher','Masyarakat umum','Vaksin kedua','1989-03-13'),('3326164909104196','Erica','Cohen','087846136353','L','Scientist, research (physical sciences)','Lanjut usia','Vaksin pertama','1982-02-13'),('3326164909104653','Joshua','Rogers','087846123403','P','Surveyor, minerals','Tenaga kesehatan','Vaksin kedua','1978-07-24'),('3326164909105111','David','Mcneil','085946032301','L','Land/geomatics surveyor','Masyarakat umum','Belum divaksin','1987-10-22'),('3326164909105570','Daniel','Byrd','080991290139','L','Multimedia programmer','Tenaga kesehatan','Vaksin ketiga','1992-08-19'),('3326164909106030','Randy','Cole','089946000424','L','Optometrist','Lanjut usia','Vaksin ketiga','2003-12-08'),('3326164909106491','Benjamin','Mckenzie','087846006105','L','Chief Strategy Officer','Petugas publik','Vaksin ketiga','1971-11-16'),('3326164909106953','Heather','Miranda','082300000496','P','Art gallery manager','Lanjut usia','Vaksin pertama','1963-05-06'),('3326164909107416','Joshua','Hill','082300000066','P','Conservator, furniture','Lanjut usia','Vaksin ketiga','1985-06-21'),('3326164909107880','Michael','Martinez','087846045450','L','Dealer','Masyarakat umum','Vaksin ketiga','2005-12-14'),('3326164909108345','Tanya','Bowman','082300000176','P','Art gallery manager','Masyarakat umum','Vaksin ketiga','1994-01-17'),('3326164909108811','Mario','Callahan','082300000222','L','Geoscientist','Lanjut usia','Vaksin pertama','1982-02-02'),('3326164909109278','James','Arias','087846074490','L','Recruitment consultant','Lanjut usia','Belum divaksin','1966-06-27'),('3326164909109746','Anthony','Klein','082300000464','P','Graphic designer','Petugas publik','Belum divaksin','1961-06-19'),('3326164909110215','Travis','Kent','089946000356','P','Engineer, energy','Masyarakat umum','Vaksin pertama','1977-06-08'),('3326164909110685','Laura','Reynolds','087846025311','L','Neurosurgeon','Petugas publik','Belum divaksin','1986-11-11'),('3326164909111156','Ashley','Martin','087846043953','L','Scientist, marine','Lanjut usia','Vaksin pertama','2000-02-11'),('3326164909111628','Derek','Perkins','087846113331','L','Insurance broker','Tenaga kesehatan','Vaksin pertama','2004-04-13'),('3326164909112101','Brian','Cummings','087846099900','P','Jewellery designer','Tenaga kesehatan','Vaksin pertama','2001-02-06'),('3326164909112575','Michael','Smith','087846189211','P','Engineer, maintenance','Masyarakat umum','Vaksin kedua','1969-05-23'),('3326164909113050','Julia','Green','087846149703','L','Animator','Lanjut usia','Belum divaksin','1994-08-07'),('3326164909113526','John','Robinson','087846002010','P','Medical laboratory scientific officer','Masyarakat umum','Vaksin pertama','1994-01-08'),('3326164909114003','Samantha','Armstrong','085946002821','L','Aeronautical engineer','Lanjut usia','Vaksin kedua','1997-10-03'),('3326164909114481','Brandon','Murphy','082300000062','L','Physiotherapist','Masyarakat umum','Belum divaksin','1981-05-02'),('3326164909115440','Andrea','Walker','082300000136','L','Scientist, clinical (histocompatibility and immunogenetics)','Masyarakat umum','Vaksin kedua','1973-06-13'),('3326164909115921','Stephanie','Lopez','082300000278','P','Audiological scientist','Petugas publik','Vaksin ketiga','1984-08-26'),('3326164909116403','Jennifer','Underwood','082300000310','L','Diplomatic Services operational officer','Masyarakat umum','Vaksin ketiga','1960-05-21'),('3326164909116886','Kimberly','Myers','089946000214','L','Air broker','Masyarakat umum','Vaksin pertama','1970-11-17'),('3326164909117370','Deanna','Taylor','087846200326','L','Environmental health practitioner','Masyarakat umum','Vaksin pertama','1990-11-24'),('3326164909117855','Angela','Richardson','085946015903','P','Copy','Lanjut usia','Belum divaksin','1975-06-02'),('3326164909118341','David','Wilson','087846118335','P','Surveyor, minerals','Masyarakat umum','Vaksin ketiga','1987-11-04'),('3326164909118828','Cheryl','Juarez','087846013296','P','Tourism officer','Masyarakat umum','Vaksin kedua','1964-08-12'),('3326164909119316','Amanda','Ferrell','089946000022','L','Engineer, electronics','Tenaga kesehatan','Vaksin ketiga','1978-01-03'),('3326164909119805','Wendy','Horton','082300000428','L','Recycling officer','Petugas publik','Vaksin kedua','1982-06-21'),('3326164909120295','Sean','Smith','087846014595','P','Agricultural consultant','Tenaga kesehatan','Vaksin pertama','2001-08-19'),('3326164909120786','Mark','Brown','082300000552','L','Press photographer','Petugas publik','Vaksin pertama','2000-09-25'),('3326164909121278','Madison','Lam','082300000118','P','Marine scientist','Masyarakat umum','Vaksin ketiga','2000-02-03'),('3326164909121771','Barbara','Barnes','085946006105','P','Chief Operating Officer','Lanjut usia','Belum divaksin','1976-11-13'),('3326164909122265','James','Lloyd','089946000152','L','Adult nurse','Tenaga kesehatan','Vaksin pertama','1963-12-18'),('3326164909122760','Joshua','Adams','087846089853','P','Customer service manager','Lanjut usia','Vaksin kedua','1970-08-06'),('3326164909123256','Connie','Diaz','082300000384','P','Designer, textile','Petugas publik','Vaksin kedua','1961-07-21'),('3326164909123753','Diana','Smith','089946000230','L','Pharmacologist','Tenaga kesehatan','Vaksin ketiga','1965-05-27'),('3326164909124251','Jacob','Fuentes','082300000522','P','Teacher, secondary school','Lanjut usia','Vaksin pertama','1967-11-22'),('3326164909124750','Christopher','Bradshaw','087846068985','L','Nurse, children\'s','Petugas publik','Vaksin pertama','1984-11-24'),('3326164909125250','Jessica','Edwards','082300000436','L','Product/process development scientist','Lanjut usia','Vaksin kedua','1975-10-10'),('3326164909125751','Theresa','Boyd','087846114576','L','Firefighter','Tenaga kesehatan','Belum divaksin','1990-05-28'),('3326164909126253','Raymond','Bartlett','089946000062','L','Magazine journalist','Petugas publik','Vaksin ketiga','2002-06-06'),('3326164909126756','Marilyn','Thompson','089946000302','L','Lobbyist','Lanjut usia','Vaksin ketiga','1986-03-05'),('3326164909127260','Alexa','Stanley','087846104728','P','Chartered legal executive (England and Wales)','Tenaga kesehatan','Vaksin ketiga','1971-03-23'),('3326164909127765','Kimberly','Ball','082300000334','L','Telecommunications researcher','Petugas publik','Vaksin pertama','2000-02-01'),('3326164909128271','Michael','Blair','089946000140','L','Location manager','Masyarakat umum','Vaksin ketiga','1975-04-22'),('3326164909128778','Adrian','Hanson','082300000004','P','Nurse, adult','Masyarakat umum','Belum divaksin','1975-12-01'),('3326164909129286','Amy','Melton','089946000234','L','Higher education careers adviser','Petugas publik','Vaksin pertama','1979-01-02'),('3326164909129795','Kevin','Clark','087846170478','P','Public librarian','Masyarakat umum','Vaksin ketiga','1969-02-26'),('3326164909130305','Michael','Giles','089946000080','P','Systems analyst','Lanjut usia','Vaksin kedua','2002-04-10'),('3326164909130816','Faith','Johnson','089946000486','L','Programme researcher, broadcasting/film/video','Petugas publik','Vaksin kedua','1986-03-17'),('3326164909131328','Cassandra','Huang','087846128535','L','Ceramics designer','Tenaga kesehatan','Vaksin kedua','1998-12-03'),('3326164909131841','Alvin','Ray','089946000072','L','Immigration officer','Petugas publik','Belum divaksin','1993-11-23'),('3326164909132355','Alex','Evans','082300000040','L','Insurance risk surveyor','Tenaga kesehatan','Belum divaksin','1972-03-24'),('3326164909132870','Danny','Anthony','087846052555','L','Scientist, research (life sciences)','Masyarakat umum','Vaksin pertama','1982-05-21'),('3326164909133386','William','Mcgee','082300000284','L','Editor, film/video','Masyarakat umum','Vaksin kedua','2004-10-27'),('3326164909133903','Robert','Sawyer','089946000124','L','Arts development officer','Masyarakat umum','Vaksin pertama','1999-03-15'),('3326164909134421','Gregory','Martinez','082300000200','P','Occupational psychologist','Tenaga kesehatan','Vaksin pertama','1982-09-09'),('3326164909134940','Jacob','Taylor','082300000056','P','Dietitian','Tenaga kesehatan','Belum divaksin','1994-08-11'),('3326164909135460','Wayne','Romero','082300000122','P','Counselling psychologist','Tenaga kesehatan','Vaksin pertama','1974-09-19'),('3326164909135981','John','Cole','089946000580','L','Chiropodist','Masyarakat umum','Vaksin ketiga','1981-11-13'),('3326164909136503','Rebecca','Richmond','089946000248','L','Forensic psychologist','Masyarakat umum','Vaksin ketiga','1979-11-07'),('3326164909137026','Jenny','Kemp','089946000280','P','Architect','Tenaga kesehatan','Belum divaksin','1966-05-23'),('3326164909137550','Alexander','Shepherd','087846000400','L','Community pharmacist','Petugas publik','Vaksin kedua','1986-08-16'),('3326164909138075','Cassandra','Avila','082300000570','L','English as a foreign language teacher','Lanjut usia','Vaksin pertama','1987-11-27'),('3326164909138601','Stephanie','Thomas','082300000548','L','Counselling psychologist','Lanjut usia','Vaksin pertama','1976-02-23'),('3326164909139128','John','Sosa','085946018103','P','Meteorologist','Tenaga kesehatan','Vaksin ketiga','1999-02-17'),('3326164909139656','Meghan','Ward','089946000134','L','Buyer, retail','Tenaga kesehatan','Vaksin pertama','1973-08-28'),('3326164909140185','Mark','Hernandez','087846023940','L','Mechanical engineer','Tenaga kesehatan','Vaksin pertama','1969-08-10'),('3326164909140715','Allen','Jones','082300000520','P','Town planner','Masyarakat umum','Belum divaksin','2003-09-17'),('3326164909141246','Jessica','Mckinney','089946000216','L','Engineer, communications','Lanjut usia','Vaksin ketiga','1979-03-14'),('3326164909141778','Stephen','Henry','085946023940','P','Community development worker','Masyarakat umum','Vaksin ketiga','1991-05-19'),('3326164909142311','Cheryl','Ferguson','087846150381','P','Armed forces training and education officer','Petugas publik','Belum divaksin','2004-07-18'),('3326164909142845','Thomas','Chase','087846118965','P','Therapist, music','Lanjut usia','Vaksin ketiga','2002-02-10'),('3326164909143380','Roy','Mitchell','087846060915','P','Health visitor','Petugas publik','Belum divaksin','1998-05-13'),('3326164909143916','Joshua','Mitchell','087846153103','P','Accounting technician','Tenaga kesehatan','Vaksin ketiga','1973-02-24'),('3326164909144453','Dennis','Bowen','089946000174','L','Horticulturist, amenity','Masyarakat umum','Vaksin kedua','1983-07-13'),('3326164909144991','Adam','Owens','089946000588','P','Actuary','Lanjut usia','Vaksin kedua','1987-02-27'),('3326164909145530','Jason','Mcgee','082300000398','P','Psychiatrist','Petugas publik','Vaksin kedua','2002-06-15'),('3326164909146070','Lisa','Duke','087846013728','L','Air traffic controller','Masyarakat umum','Vaksin ketiga','1972-02-10'),('3326164909146611','Andrew','Bailey','089946000368','L','Set designer','Masyarakat umum','Belum divaksin','1962-10-24'),('3326164909147153','Melissa','Myers','087846140316','L','Meteorologist','Lanjut usia','Vaksin kedua','1997-05-12'),('3326164909147696','Kyle','Johnson','087846168360','L','Call centre manager','Tenaga kesehatan','Belum divaksin','1993-02-04'),('3326164909148240','Cheryl','Larsen','087846082935','L','Air traffic controller','Petugas publik','Vaksin pertama','1964-09-16'),('3326164909148785','Catherine','Green','085946015466','P','Commercial art gallery manager','Masyarakat umum','Vaksin ketiga','1991-07-17'),('3326164909149331','Alexander','Rogers','087846027616','P','Psychotherapist, child','Masyarakat umum','Belum divaksin','2000-09-14'),('3326164909149878','Samantha','Castillo','082300000074','P','Programme researcher, broadcasting/film/video','Lanjut usia','Belum divaksin','1974-06-23'),('3326164909150426','Bryce','Lopez','089946000176','L','Call centre manager','Masyarakat umum','Belum divaksin','1998-06-15'),('3326164909150975','Stephanie','Taylor','087846159286','L','Forest/woodland manager','Tenaga kesehatan','Vaksin pertama','2003-03-17'),('3326164909151525','Norman','Smith','089946000484','L','Occupational psychologist','Tenaga kesehatan','Vaksin kedua','1975-12-28'),('3326164909152076','Scott','Daniels','089946000076','P','Call centre manager','Masyarakat umum','Vaksin pertama','1974-07-21'),('3326164909152628','Andrea','Wagner','082300000320','L','Travel agency manager','Masyarakat umum','Vaksin pertama','1982-04-28'),('3326164909153181','Rebecca','Velazquez','089946000456','L','Engineer, biomedical','Masyarakat umum','Vaksin ketiga','1986-03-28'),('3326164909153735','Gregory','Barber','082300000562','P','Chemical engineer','Petugas publik','Belum divaksin','1965-02-17'),('3326164909154290','Christine','Scott','089946000364','L','Garment/textile technologist','Petugas publik','Vaksin ketiga','1980-03-16'),('3326164909154846','Darrell','Escobar','082300000086','P','Site engineer','Tenaga kesehatan','Vaksin pertama','1976-03-10'),('3326164909155403','Sean','Nelson','082300000194','L','Therapeutic radiographer','Petugas publik','Belum divaksin','2003-10-06'),('3326164909155961','Micheal','Henson','082300000138','L','Development worker, community','Masyarakat umum','Belum divaksin','2001-12-27'),('3326164909156520','William','Miller','089946000286','P','Phytotherapist','Petugas publik','Vaksin ketiga','1985-05-18'),('3326164909157080','Rachel','Potter','082300000316','L','Engineer, technical sales','Masyarakat umum','Vaksin ketiga','2001-03-03'),('3326164909157641','Daniel','Wood','082300000550','L','Garment/textile technologist','Tenaga kesehatan','Vaksin pertama','1976-10-02'),('3326164909158203','Scott','Woods','087846020328','L','Print production planner','Lanjut usia','Vaksin kedua','1979-05-13'),('3326164909158766','James','Adkins','089946000436','P','Emergency planning/management officer','Lanjut usia','Vaksin ketiga','1998-08-18'),('3326164909159330','Brad','Bonilla','085946017220','P','Set designer','Lanjut usia','Vaksin ketiga','1978-09-24'),('3326164909159895','James','Santiago','082300000268','L','Designer, television/film set','Petugas publik','Vaksin ketiga','2000-04-11'),('3326164909160461','Heidi','Mitchell','082300000008','P','Customer service manager','Petugas publik','Vaksin pertama','1970-06-16'),('3326164909161028','Andrew','Santiago','082300000378','L','Designer, graphic','Lanjut usia','Belum divaksin','1991-03-18'),('3326164909161596','Megan','Flores','087846094545','L','Emergency planning/management officer','Masyarakat umum','Belum divaksin','1986-12-11'),('3326164909162165','Jose','Collins','082300000286','P','Adult nurse','Petugas publik','Belum divaksin','1980-06-03'),('3326164909162735','Teresa','Dunn','082300000388','L','Therapist, speech and language','Petugas publik','Vaksin pertama','1983-03-11'),('3326164909163306','David','Manning','089946000038','L','Financial trader','Lanjut usia','Vaksin kedua','1989-01-20'),('3326164909163878','Amy','Friedman','087846031828','L','Embryologist, clinical','Lanjut usia','Belum divaksin','1995-05-28'),('3326164909164451','Joanna','Thomas','087846142311','L','Archivist','Masyarakat umum','Vaksin pertama','1995-06-13'),('3326164909165025','Katrina','Davis','082300000438','L','Magazine features editor','Tenaga kesehatan','Belum divaksin','1996-04-12'),('3326164909165600','Raymond','Alvarez','087846053586','L','Production engineer','Masyarakat umum','Vaksin kedua','1984-11-09'),('3326164909166176','Michael','Martinez','089946000568','P','Energy engineer','Tenaga kesehatan','Vaksin ketiga','1981-01-23'),('3326164909166753','Michelle','Young','089946000268','P','Holiday representative','Lanjut usia','Vaksin kedua','1978-07-09'),('3326164909167331','Eric','Mcintosh','089946000406','L','Engineer, manufacturing systems','Tenaga kesehatan','Vaksin pertama','1963-03-09'),('3326164909167910','Kimberly','Petersen','082300000204','P','Copywriter, advertising','Tenaga kesehatan','Vaksin pertama','1999-11-14'),('3326164909168490','Matthew','Jones','087846183375','P','Medical secretary','Lanjut usia','Vaksin kedua','1988-12-05'),('3326164909169071','Timothy','Long','082300000266','L','Copywriter, advertising','Tenaga kesehatan','Belum divaksin','1970-08-14'),('3326164909169653','Robert','Hunter','082300000174','P','Chief Financial Officer','Masyarakat umum','Vaksin kedua','2004-11-10'),('3326164909170236','Joanna','Buck','087846141645','L','Lexicographer','Lanjut usia','Vaksin pertama','1969-06-13'),('3326164909170820','Angelica','Clark','087846089271','P','Water quality scientist','Masyarakat umum','Belum divaksin','1994-03-17'),('3326164909171405','Patrick','Cooper','087846039516','L','Scientist, marine','Petugas publik','Vaksin pertama','1975-09-20'),('3326164909171991','William','Wallace','082300000026','P','Advertising account executive','Petugas publik','Belum divaksin','1995-12-06'),('3326164909172578','Kim','Dawson','087846147001','L','Industrial buyer','Petugas publik','Vaksin kedua','1968-11-04'),('3326164909173166','Michael','Dixon','087846092191','L','Hydrogeologist','Tenaga kesehatan','Vaksin pertama','1986-03-03'),('3326164909173755','Ronald','Larson','085946027616','P','Dentist','Petugas publik','Vaksin ketiga','1979-01-14'),('3326164909174345','Carrie','Hall','082300000252','L','Pension scheme manager','Petugas publik','Vaksin ketiga','1977-10-07'),('3326164909174936','Christopher','Green','087846030415','P','Research officer, government','Lanjut usia','Belum divaksin','1996-06-04'),('3326164909175528','Elizabeth','Owens','087846002821','L','Market researcher','Petugas publik','Vaksin pertama','1997-08-05'),('3326164909176121','Austin','Ayala','085946039516','P','Multimedia programmer','Petugas publik','Vaksin ketiga','1994-04-27'),('3326164909176715','Stephen','Dixon','089946000526','L','Chartered certified accountant','Tenaga kesehatan','Belum divaksin','1977-11-26'),('3326164909177310','Dawn','Lowe','082300000488','P','Geoscientist','Masyarakat umum','Vaksin pertama','1995-05-22'),('3326164909177906','Courtney','Mckay','082300000258','P','Community pharmacist','Masyarakat umum','Vaksin pertama','1980-10-24'),('3326164909178503','Lisa','Nguyen','089946000314','L','Politician\'s assistant','Petugas publik','Vaksin kedua','2004-02-17'),('3326164909179101','Samantha','Johnston','082300000470','L','Orthoptist','Masyarakat umum','Vaksin kedua','1991-08-18'),('3326164909179700','Deborah','Anthony','085946038055','L','Osteopath','Lanjut usia','Vaksin ketiga','1963-04-12'),('3326164909180300','Barbara','Adams','087846004455','P','Speech and language therapist','Masyarakat umum','Vaksin pertama','1991-05-19'),('3326164909180901','Kimberly','Gonzales','087846119596','L','Radio producer','Petugas publik','Belum divaksin','1985-01-21'),('3326164909181503','Joe','Bird','089946000524','L','Jewellery designer','Tenaga kesehatan','Vaksin kedua','1993-05-13'),('3326164909182106','Patricia','Leach','087846133078','L','Engineer, petroleum','Masyarakat umum','Vaksin kedua','1969-07-07'),('3326164909182710','Christine','Kelly','087846098106','P','Make','Lanjut usia','Belum divaksin','1982-08-27'),('3326164909183315','Joshua','Wheeler','087846137011','L','Programme researcher, broadcasting/film/video','Tenaga kesehatan','Vaksin ketiga','1989-06-09'),('3326164909183921','Michele','Lowe','087846163453','P','Engineer, maintenance','Tenaga kesehatan','Vaksin ketiga','2000-08-27'),('3326164909184528','Joseph','Chang','085946036603','P','Biomedical scientist','Tenaga kesehatan','Vaksin ketiga','1988-06-02'),('3326164909185136','Ryan','Wilson','087846144985','L','Communications engineer','Petugas publik','Vaksin kedua','1973-11-22'),('3326164909185745','Mark','Yu','082300000260','P','Marketing executive','Masyarakat umum','Vaksin pertama','1975-03-01'),('3326164909186355','Charles','Obrien','082300000328','L','Airline pilot','Tenaga kesehatan','Vaksin kedua','2002-12-17'),('3326164909186966','Joel','Nunez','089946000132','L','Land/geomatics surveyor','Petugas publik','Vaksin pertama','1988-07-20'),('3326164909187578','Mark','Green','081807571836','P','Tourist information centre manager','Lanjut usia','Vaksin pertama','2002-08-19'),('3326164909188191','Connor','Jackson','082300000352','L','Producer, television/film/video','Tenaga kesehatan','Vaksin pertama','1976-09-23'),('3326164909188805','Susan','Rich','087846164850','L','Civil Service fast streamer','Tenaga kesehatan','Vaksin pertama','1975-11-14'),('3326164909189420','Jerry','Benitez','082300000240','P','Translator','Lanjut usia','Vaksin kedua','1995-08-07'),('3326164909190036','Kathleen','Stewart','085946004455','P','Conservation officer, historic buildings','Masyarakat umum','Vaksin pertama','1997-11-21'),('3326164909190653','Joshua','Johnson','085946000801','P','Engineer, communications','Masyarakat umum','Vaksin kedua','1991-12-04'),('3326164909191271','Christopher','Washington','087846007771','L','Translator','Petugas publik','Vaksin kedua','1996-10-27'),('3326164909191890','Matthew','Lopez','082300000466','L','General practice doctor','Tenaga kesehatan','Belum divaksin','1976-07-16'),('3326164909192510','Ryan','Hicks','089946000492','L','Jewellery designer','Tenaga kesehatan','Vaksin pertama','1968-11-16'),('3326164909193131','Teresa','Sampson','087846052041','P','Charity fundraiser','Masyarakat umum','Vaksin pertama','1983-01-09'),('3326164909193753','Brittany','Martinez','089946000218','L','Programmer, multimedia','Masyarakat umum','Vaksin ketiga','1969-12-01'),('3326164909194376','Kenneth','Morales','089946000050','P','Education officer, environmental','Petugas publik','Belum divaksin','1990-02-21'),('3326164909195000','Joseph','Taylor','087846042465','P','Accountant, chartered management','Masyarakat umum','Belum divaksin','1985-12-22'),('3326164909195625','Joseph','Baker','089946000360','L','Product designer','Tenaga kesehatan','Vaksin pertama','1970-05-12'),('3326164909196251','Laura','Reyes','087846040005','L','Pensions consultant','Lanjut usia','Vaksin ketiga','1964-10-13'),('3326164909196878','Alan','Thomas','087846115200','L','Chief of Staff','Petugas publik','Vaksin ketiga','2005-06-07'),('3326164909197506','Curtis','Doyle','082300000080','L','Geochemist','Lanjut usia','Vaksin ketiga','1965-01-24'),('3326164909198135','Damon','Jones','082300000184','P','Surveyor, hydrographic','Petugas publik','Vaksin kedua','2005-01-01'),('3326164909198765','John','Baker','087846151060','P','Education officer, environmental','Tenaga kesehatan','Belum divaksin','1968-02-27'),('3326164909199396','Glenn','Perez','089946000030','P','Tour manager','Lanjut usia','Belum divaksin','1987-07-24'),('3326164909200028','Nathan','West','087846095728','L','Geneticist, molecular','Petugas publik','Vaksin ketiga','1981-12-13'),('3326164909200661','Dale','Brown','085946005691','L','Ecologist','Tenaga kesehatan','Vaksin ketiga','1968-03-10'),('3326164909201295','Anthony','Estes','087846107166','P','Psychologist, clinical','Lanjut usia','Belum divaksin','1983-07-10'),('3326164909201930','Anna','Gilmore','087846078966','P','Development worker, international aid','Tenaga kesehatan','Vaksin ketiga','1966-01-06'),('3326164909202566','Brandi','Conner','087846005278','P','Insurance underwriter','Masyarakat umum','Vaksin pertama','1972-03-13'),('3326164909203203','Christopher','Noble','085946043953','P','Architect','Masyarakat umum','Vaksin ketiga','1987-01-11'),('3326164909203841','Derek','Scott','087846169771','P','Ecologist','Petugas publik','Vaksin ketiga','1963-04-22'),('3326164909204480','Angela','Ferguson','087846120861','P','Trade mark attorney','Petugas publik','Vaksin ketiga','1969-12-28'),('3326164909205120','Courtney','Thomas','087846125961','L','Surveyor, commercial/residential','Petugas publik','Vaksin kedua','1988-09-24'),('3326164909205761','Dylan','Harris','087846162060','P','Office manager','Lanjut usia','Vaksin pertama','1978-03-16'),('3326164909206403','Isaac','Daugherty','087846147675','P','Research scientist (physical sciences)','Masyarakat umum','Vaksin ketiga','2002-08-17'),('3326164909207046','Kimberly','Gregory','087846058275','L','Forensic psychologist','Masyarakat umum','Vaksin kedua','1968-03-21'),('3326164909207690','Daniel','Bentley','082300000002','P','Chemist, analytical','Masyarakat umum','Vaksin ketiga','1967-07-18'),('3326164909208335','Carol','Davis','082300000104','P','Scientist, audiological','Petugas publik','Vaksin kedua','1998-03-18'),('3326164909208981','Jason','Smith','087846121495','L','Chartered public finance accountant','Masyarakat umum','Vaksin pertama','1960-01-26'),('3326164909209628','Michael','Johnson','082300000052','L','IT sales professional','Lanjut usia','Vaksin ketiga','1970-09-11'),('3326164909210276','William','Cobb','082300000238','L','Bookseller','Tenaga kesehatan','Vaksin kedua','1972-12-10'),('3326164909210925','Heather','Hernandez','087846126603','P','Radiographer, diagnostic','Tenaga kesehatan','Vaksin pertama','1976-09-02'),('3326164909211575','Michael','Thompson','087846061978','L','Illustrator','Petugas publik','Vaksin kedua','1997-06-09'),('3326164909212226','Matthew','Suarez','082300000202','L','Agricultural consultant','Petugas publik','Vaksin ketiga','1976-07-04'),('3326164909212878','Megan','Carter','085819703721','P','Volunteer coordinator','Lanjut usia','Vaksin ketiga','2003-01-26'),('3326164909213531','Lisa','Wright','087846196596','L','Industrial buyer','Tenaga kesehatan','Vaksin ketiga','1964-12-15'),('3326164909214185','Frederick','Bailey','087846034203','P','Film/video editor','Lanjut usia','Belum divaksin','1976-07-16'),('3326164909214840','Dylan','Bailey','087846050505','P','Chief of Staff','Petugas publik','Vaksin pertama','1978-11-02'),('3326164909215496','Carla','Morton','087846035640','P','Colour technologist','Masyarakat umum','Belum divaksin','1999-05-02'),('3326164909216153','Brian','Tucker','087846044950','P','Physiological scientist','Lanjut usia','Vaksin ketiga','1984-08-10'),('3326164909216811','Shelly','Perry','087846117078','L','Waste management officer','Tenaga kesehatan','Vaksin pertama','1982-12-26'),('3326164909217470','Christina','Young','089946000020','L','Building services engineer','Masyarakat umum','Vaksin kedua','1963-02-05'),('3326164909218130','Deborah','Owens','082300000342','L','Water quality scientist','Lanjut usia','Belum divaksin','1974-01-05'),('3326164909219453','Austin','Wilson','089946000106','P','Scientist, research (medical)','Lanjut usia','Belum divaksin','1990-01-24'),('3326164909220116','Mandy','Smith','082300000148','P','Accountant, chartered management','Tenaga kesehatan','Vaksin pertama','1971-11-11'),('3326164909220780','Jim','Mcgrath','089946000546','P','Commercial art gallery manager','Masyarakat umum','Vaksin kedua','2004-06-16'),('3326164909221445','Michael','Smith','082300000482','L','Patent attorney','Lanjut usia','Belum divaksin','1977-07-24'),('3326164909222111','Lisa','Hale','089946000528','L','IT consultant','Tenaga kesehatan','Belum divaksin','1971-02-20'),('3326164909222778','Roberta','Gardner','085946002010','L','Amenity horticulturist','Masyarakat umum','Vaksin ketiga','1987-12-07'),('3326164909223446','Joshua','Hood','089946000358','L','Theatre manager','Masyarakat umum','Vaksin kedua','2000-05-28'),('3326164909224115','Sandra','Hicks','087846086953','P','Insurance broker','Petugas publik','Vaksin kedua','1979-12-04'),('3326164909224785','Lisa','Snyder','089946000316','L','Engineer, site','Tenaga kesehatan','Vaksin kedua','1975-11-22'),('3326164909225456','Daniel','Alvarado','089946000336','L','Glass blower/designer','Tenaga kesehatan','Belum divaksin','2003-02-10'),('3326164909226128','Dawn','Parker','087846173316','L','Product/process development scientist','Lanjut usia','Vaksin ketiga','1990-09-01'),('3326164909226801','Penny','Garrison','082300000224','P','Multimedia programmer','Petugas publik','Belum divaksin','2004-02-21'),('3326164909227475','Denise','Miller','082300000524','L','Training and development officer','Petugas publik','Vaksin ketiga','1980-10-16'),('3326164909228150','Kelly','Weeks','089946000270','L','Producer, television/film/video','Lanjut usia','Vaksin pertama','1980-12-16'),('3326164909228826','Brooke','Foley','089946000264','P','Exhibition designer','Tenaga kesehatan','Vaksin kedua','2003-10-12'),('3326164909229503','Emily','Flores','089946000142','P','Hotel manager','Petugas publik','Vaksin kedua','1981-11-23'),('3326164909230181','Elizabeth','Morgan','087846192891','L','Investment banker, corporate','Masyarakat umum','Vaksin ketiga','1974-02-17'),('3326164909230860','Jessica','Lin','089946000582','P','Publishing copy','Tenaga kesehatan','Vaksin ketiga','1975-04-28'),('3326164909231540','Michael','Washington','089946000252','L','Commercial horticulturist','Petugas publik','Vaksin pertama','2001-01-05'),('3326164909232221','Stephanie','West','087846015030','L','Journalist, newspaper','Lanjut usia','Belum divaksin','2002-02-25'),('3326164909232903','Jeffrey','Moore','087846056703','L','Geneticist, molecular','Masyarakat umum','Vaksin ketiga','1984-07-17'),('3326164909233586','Chase','Snyder','089946000042','P','Ecologist','Masyarakat umum','Belum divaksin','2003-09-06'),('3326164909234270','Jason','Harrison','082300000336','L','Therapist, nutritional','Petugas publik','Vaksin ketiga','2005-03-17'),('3326164909234955','Megan','Johnson','087846036121','P','Network engineer','Tenaga kesehatan','Vaksin ketiga','2003-10-15'),('3326164909235641','James','Anderson','087846195111','P','Television camera operator','Masyarakat umum','Belum divaksin','1968-03-15'),('3326164909236328','Charles','Ayers','089946000494','L','Naval architect','Lanjut usia','Vaksin kedua','1995-12-17'),('3326164909237016','Brandy','Gonzalez','089946000418','L','Hydrologist','Masyarakat umum','Belum divaksin','1979-11-20'),('3326164909237705','Peter','Sellers','082300000478','L','Planning and development surveyor','Lanjut usia','Vaksin kedua','2001-10-07'),('3326164909238395','Janet','Carlson','087846014161','P','Public librarian','Masyarakat umum','Vaksin kedua','1976-12-17'),('3326164909239086','Steven','Davis','082300000580','L','Passenger transport manager','Petugas publik','Vaksin pertama','2000-12-15'),('3326164909239778','James','Jarvis','087846012435','L','Loss adjuster, chartered','Petugas publik','Vaksin pertama','1960-05-22'),('3326164909240471','Jessica','Jones','087846041971','P','Designer, multimedia','Lanjut usia','Vaksin pertama','1973-10-02'),('3326164909241165','Jacob','Stanley','087846021675','P','Journalist, newspaper','Petugas publik','Vaksin pertama','1961-07-04'),('3326164909241860','Laura','George','087846155155','L','Scientist, clinical (histocompatibility and immunogenetics)','Petugas publik','Belum divaksin','1988-05-11'),('3326164909242556','Jasmine','Jackson','089946000420','P','Plant breeder/geneticist','Lanjut usia','Vaksin ketiga','1997-03-15'),('3326164909243253','Jonathan','Lucas','087846026230','L','Air cabin crew','Petugas publik','Vaksin kedua','1991-10-23'),('3326164909243951','Jeremy','Irwin','082300000484','P','Lecturer, higher education','Petugas publik','Vaksin kedua','1982-10-10'),('3326164909244650','Katie','Payne','087846065730','P','Medical illustrator','Lanjut usia','Vaksin kedua','1973-02-05'),('3326164909245350','Carmen','Bailey','087846003228','L','Engineer, communications','Petugas publik','Vaksin pertama','1997-05-28'),('3326164909246051','Andrew','Holland','087846046956','P','Data processing manager','Masyarakat umum','Vaksin ketiga','2005-12-20'),('3326164909246753','Jessica','Townsend','087846157905','L','Personal assistant','Lanjut usia','Belum divaksin','1972-11-10'),('3326164909247456','Deborah','Zimmerman','085946005278','L','Accounting technician','Masyarakat umum','Belum divaksin','1960-03-28'),('3326164909248160','Daniel','Marshall','082300000362','L','Ecologist','Masyarakat umum','Vaksin kedua','1995-01-28'),('3326164909248865','Matthew','Garner','085946034681','P','Surveyor, rural practice','Lanjut usia','Belum divaksin','1986-09-20'),('3326164909249571','James','Scott','089946000426','L','Insurance claims handler','Tenaga kesehatan','Vaksin ketiga','1995-04-02'),('3326164909250278','Paul','Thompson','086994078785','L','Fashion designer','Masyarakat umum','Vaksin pertama','1973-03-03'),('3326164909250986','Andrea','Andrews','082300000528','L','Journalist, broadcasting','Petugas publik','Vaksin kedua','1965-11-06'),('3326164909251695','Toni','Bender','087846108391','P','Geophysicist/field seismologist','Petugas publik','Vaksin kedua','1979-07-19'),('3326164909252405','Nathan','Simon','085946032775','P','Software engineer','Tenaga kesehatan','Vaksin pertama','2005-02-12'),('3326164909253116','Joanne','Nelson','087846187746','P','Product designer','Tenaga kesehatan','Vaksin pertama','1967-04-12'),('3326164909253828','Sean','Barnes','089946000164','L','Education officer, museum','Tenaga kesehatan','Belum divaksin','1989-02-20'),('3326164909254541','Phillip','Higgins','082300000420','P','Statistician','Lanjut usia','Vaksin ketiga','1978-07-22'),('3326164909255255','Kyle','Dominguez','089946000068','P','Community pharmacist','Tenaga kesehatan','Vaksin pertama','1973-02-04'),('3326164909255970','Carla','Rasmussen','089946000500','L','Forest/woodland manager','Lanjut usia','Vaksin kedua','2005-06-13'),('3326164909256686','Jason','Joseph','089946000202','P','Geneticist, molecular','Lanjut usia','Vaksin kedua','1975-08-08'),('3326164909257403','Kim','Rodriguez','082300000180','P','Tour manager','Petugas publik','Belum divaksin','1974-04-16'),('3326164909258121','Wesley','Beck','082300000120','L','Chartered public finance accountant','Tenaga kesehatan','Belum divaksin','1979-06-17'),('3326164909258840','Joan','Wilson','082300000460','L','Designer, industrial/product','Masyarakat umum','Vaksin pertama','1968-09-22'),('3326164909259560','Melissa','Gibson','087846017661','P','Phytotherapist','Petugas publik','Vaksin pertama','1967-03-02'),('3326164909260281','Anthony','Bush','089946000212','P','Optometrist','Masyarakat umum','Belum divaksin','1993-06-22'),('3326164909261003','Jason','Perez','087846031356','P','Surveyor, rural practice','Masyarakat umum','Vaksin kedua','1960-09-11'),('3326164909261726','Taylor','Davis','087846011151','L','Energy engineer','Tenaga kesehatan','Vaksin ketiga','1995-01-03'),('3326164909262450','Brandon','Nelson','087846138991','L','Therapist, occupational','Lanjut usia','Vaksin kedua','2005-04-24'),('3326164909263175','Kimberly','Lucas','087846091020','P','Arts administrator','Masyarakat umum','Belum divaksin','1995-06-09'),('3326164909263901','Tammy','Coleman','087846195853','L','Therapist, music','Lanjut usia','Vaksin ketiga','1997-01-06'),('3326164909264628','Ashley','Hurley','082300000510','L','Lecturer, further education','Petugas publik','Vaksin kedua','1978-06-07'),('3326164909265356','Laurie','Eaton','085946018546','P','Pension scheme manager','Tenaga kesehatan','Vaksin pertama','1969-10-12'),('3326164909266085','Sophia','Alvarez','082300000132','P','Industrial buyer','Lanjut usia','Vaksin ketiga','1990-07-10'),('3326164909266815','Yesenia','Carpenter','087846066270','L','Building control surveyor','Tenaga kesehatan','Vaksin pertama','1969-11-15'),('3326164909267546','Michael','Chen','089946000514','L','Geoscientist','Lanjut usia','Vaksin ketiga','1994-01-04'),('3326164909268278','Susan','Martin','087846184828','P','Catering manager','Tenaga kesehatan','Vaksin kedua','1998-10-19'),('3326164909269011','Sheri','Vasquez','089946000518','P','Financial controller','Tenaga kesehatan','Vaksin pertama','1967-06-23'),('3326164909269745','Jason','Barker','087846001606','L','Engineer, civil (consulting)','Petugas publik','Belum divaksin','1979-02-06'),('3326164909270480','William','Gordon','089946000266','L','Scientist, product/process development','Tenaga kesehatan','Vaksin ketiga','1989-12-12'),('3326164909271216','Robert','Ramirez','089946000250','P','Patent examiner','Lanjut usia','Vaksin kedua','1963-11-20'),('3326164909271953','Michael','Hickman','085236619779','L','Drilling engineer','Petugas publik','Belum divaksin','1960-08-02'),('3326164909272691','Lori','Garcia','089946000238','L','Architectural technologist','Lanjut usia','Vaksin ketiga','1985-05-01'),('3326164909273430','Joshua','Garcia','085946029946','L','Technical author','Lanjut usia','Belum divaksin','1973-03-17'),('3326164909274170','Brittany','Gutierrez','089946000206','L','Development worker, international aid','Petugas publik','Belum divaksin','1964-02-27'),('3326164909274911','Jennifer','Wilson','089946000228','L','Public relations officer','Masyarakat umum','Vaksin pertama','1962-03-15'),('3326164909275653','Cheryl','Cooper','089946000120','L','Licensed conveyancer','Tenaga kesehatan','Vaksin pertama','1961-08-20'),('3326164909276396','Alan','Hopkins','087846027153','L','Architect','Lanjut usia','Belum divaksin','1960-07-20'),('3326164909277140','Karen','Hensley','087846135040','P','Buyer, retail','Petugas publik','Vaksin pertama','1981-07-04'),('3326164909277885','Frances','Williams','082300000472','P','Civil Service administrator','Lanjut usia','Belum divaksin','1986-08-03'),('3326164909278631','Jessica','Brown','082300000406','L','Presenter, broadcasting','Lanjut usia','Vaksin pertama','1963-11-09'),('3326164909279378','Christina','Peters','089946000434','P','Landscape architect','Petugas publik','Belum divaksin','1972-02-17'),('3326164909280126','Emily','Roberts','082300000154','L','Financial manager','Lanjut usia','Vaksin kedua','1997-08-20'),('3326164909280875','Matthew','Lawson','089946000192','L','Politician\'s assistant','Tenaga kesehatan','Belum divaksin','1965-02-12'),('3326164909281625','Jennifer','Smith','087846010725','L','Insurance risk surveyor','Petugas publik','Belum divaksin','1981-10-13'),('3326164909282376','Melissa','Shepherd','087846151740','L','Insurance broker','Lanjut usia','Vaksin ketiga','2000-02-14'),('3326164909283128','Katrina','Leonard','089946000246','L','Journalist, magazine','Lanjut usia','Vaksin pertama','1987-10-23'),('3326164909283881','Marcus','Lane','085946006520','P','Counsellor','Lanjut usia','Belum divaksin','1993-11-06'),('3326164909284635','Marvin','Long','087846103515','L','Sales executive','Masyarakat umum','Belum divaksin','1966-03-06'),('3326164909285390','Julie','Roberts','082300000480','L','Accountant, chartered','Masyarakat umum','Vaksin pertama','1993-05-20'),('3326164909286146','Kathryn','Shaw','082300000110','P','Production manager','Masyarakat umum','Vaksin pertama','1989-10-12'),('3326164909286903','Jennifer','Leblanc','085946024396','P','Professor Emeritus','Lanjut usia','Belum divaksin','1973-06-19'),('3326164909287661','Kenneth','Williams','085946044451','L','Counselling psychologist','Lanjut usia','Vaksin kedua','1966-06-17'),('3326164909288420','Kathryn','Goodwin','087846076161','L','Scientist, research (life sciences)','Masyarakat umum','Vaksin ketiga','1967-02-21'),('3326164909289180','Alexandra','Wright','082300000410','P','Physiological scientist','Masyarakat umum','Vaksin pertama','1960-08-06'),('3326164909289941','Stephanie','Wallace','082300000404','L','Gaffer','Masyarakat umum','Belum divaksin','1975-10-09'),('3326164909290703','Brian','Ellis','087846139653','L','Research officer, government','Lanjut usia','Vaksin pertama','1963-01-17'),('3326164909291466','Rachel','Bailey','089946000416','P','Licensed conveyancer','Lanjut usia','Vaksin ketiga','1994-03-20'),('3326164909292230','Edward','Adams','087846135696','P','Educational psychologist','Lanjut usia','Vaksin kedua','1991-12-28'),('3326164909292995','Amanda','Gonzalez','087846088690','L','Engineer, civil (contracting)','Lanjut usia','Vaksin ketiga','1995-09-24'),('3326164909293761','John','Jones','082300000504','P','Data processing manager','Lanjut usia','Vaksin ketiga','1968-01-20'),('3326164909294528','Maureen','Williams','082300000196','L','Television floor manager','Tenaga kesehatan','Vaksin kedua','1980-01-05'),('3326164909295296','Monica','Clark','082300000254','P','Pharmacologist','Masyarakat umum','Vaksin ketiga','1988-10-04'),('3326164909296065','Laura','Trujillo','082300000574','P','Animal technologist','Lanjut usia','Vaksin kedua','1988-04-17'),('3326164909296835','Veronica','Cross','089946000200','L','Commissioning editor','Tenaga kesehatan','Vaksin kedua','1965-05-12'),('3326164909297606','Willie','Blackwell','089946000004','P','Art therapist','Petugas publik','Vaksin pertama','1983-05-11'),('3326164909298378','Randall','Jennings','082300000396','L','Data scientist','Masyarakat umum','Belum divaksin','2005-03-24'),('3326164909299151','Jody','Malone','087846189945','L','Education officer, museum','Petugas publik','Belum divaksin','1965-11-21'),('3326164909300700','Barbara','Chambers','082300000274','L','Transport planner','Lanjut usia','Vaksin kedua','1975-12-16'),('3326164909301476','Kyle','Jarvis','089946000098','P','Claims inspector/assessor','Tenaga kesehatan','Vaksin ketiga','1963-03-28'),('3326164909302253','Todd','Kidd','087846020776','P','Print production planner','Masyarakat umum','Vaksin ketiga','1970-10-17'),('3326164909303031','Charles','Gomez','085946010725','P','Acupuncturist','Masyarakat umum','Vaksin kedua','2005-09-03'),('3326164909303810','Bridget','Greer','087846005691','P','Early years teacher','Tenaga kesehatan','Belum divaksin','1965-05-05'),('3326164909304590','Sheena','Serrano','087846075603','L','Proofreader','Lanjut usia','Vaksin pertama','2000-01-02'),('3326164909305371','Amy','Phillips','087846087531','L','Clothing/textile technologist','Tenaga kesehatan','Vaksin pertama','1974-06-15'),('3326164909306153','Kevin','Vega','082300000512','L','Production assistant, television','Tenaga kesehatan','Vaksin pertama','1997-03-11'),('3326164909306936','Eric','Harris','089946000376','P','Therapist, art','Masyarakat umum','Vaksin kedua','1978-03-14'),('3326164909307720','Valerie','Harmon','082300000108','L','Designer, graphic','Tenaga kesehatan','Vaksin ketiga','1973-09-26'),('3326164909308505','John','Garcia','087846159978','P','Professor Emeritus','Lanjut usia','Vaksin ketiga','1973-09-12'),('3326164909309291','Leah','Tran','087846109005','L','Clinical psychologist','Lanjut usia','Belum divaksin','2001-11-26'),('3326164909310078','Christina','Sanchez','089946000470','L','IT consultant','Petugas publik','Vaksin pertama','1970-12-21'),('3326164909310866','Megan','Mccarthy','082300000442','P','Pharmacist, community','Masyarakat umum','Belum divaksin','1972-09-24'),('3326164909311655','Rodney','Nguyen','085946003636','L','Psychotherapist','Lanjut usia','Belum divaksin','1973-11-06'),('3326164909312445','Ryan','Parker','085946019435','P','Veterinary surgeon','Lanjut usia','Vaksin pertama','2001-09-14'),('3326164909313236','Daniel','Garcia','085946009453','L','Magazine journalist','Masyarakat umum','Vaksin pertama','1994-06-21'),('3326164909314028','Harold','Clark','089946000384','P','Engineer, petroleum','Petugas publik','Vaksin kedua','1982-03-16'),('3326164909314821','Robert','Lee','085946012865','P','Lawyer','Petugas publik','Vaksin ketiga','1999-11-05'),('3326164909315615','Kim','Velazquez','087846081228','L','Lighting technician, broadcasting/film/video','Tenaga kesehatan','Vaksin kedua','1961-04-22'),('3326164909316410','Stephanie','Edwards','089946000330','P','Clinical embryologist','Tenaga kesehatan','Vaksin pertama','1992-04-01'),('3326164909317206','Joe','Rangel','082300000084','L','Child psychotherapist','Masyarakat umum','Vaksin ketiga','2001-05-03'),('3326164909318003','Darrell','Johnson','085946033250','L','Buyer, retail','Masyarakat umum','Belum divaksin','2001-08-28'),('3326164909318801','Rebecca','Wells','087846127246','P','Investment analyst','Petugas publik','Vaksin pertama','2003-06-20'),('3326164909319600','April','Atkins','087846160671','P','Engineer, civil (contracting)','Masyarakat umum','Belum divaksin','1964-03-27'),('3326164909320400','Allison','Martinez','082300000152','L','Engineer, biomedical','Petugas publik','Vaksin kedua','1981-05-15'),('3326164909321201','James','Murray','087846018546','P','Research scientist (life sciences)','Masyarakat umum','Vaksin pertama','1985-08-28'),('3326164909322003','Nathan','Butler','087846067896','P','Clinical molecular geneticist','Lanjut usia','Vaksin kedua','1985-07-25'),('3326164909322806','Nicole','Jones','085946042465','L','Programmer, systems','Lanjut usia','Belum divaksin','1998-04-17'),('3326164909323610','Frank','Delgado','089946000564','P','Management consultant','Masyarakat umum','Vaksin pertama','1997-09-27'),('3326164909324415','Diane','Perry','082300000356','L','Camera operator','Petugas publik','Vaksin pertama','1966-10-28'),('3326164909325221','Tina','Duran','087846179760','P','Copy','Petugas publik','Vaksin ketiga','1971-12-03'),('3326164909326028','Michelle','Lambert','085946014595','P','Exhibitions officer, museum/gallery','Petugas publik','Belum divaksin','1975-11-13'),('3326164909326836','Sharon','Scott','089946000594','P','Lawyer','Lanjut usia','Vaksin pertama','1991-04-06'),('3326164909327645','Dean','Contreras','082300000372','P','Buyer, industrial','Petugas publik','Vaksin pertama','1989-02-12'),('3326164909328455','Eric','Martinez','082300000366','L','Oceanographer','Lanjut usia','Vaksin pertama','1991-05-07'),('3326164909329266','Cheryl','Davenport','087846023031','P','Health and safety inspector','Lanjut usia','Vaksin kedua','1976-09-13'),('3326164909330078','Johnny','Boyer','089946000122','L','Barrister\'s clerk','Petugas publik','Vaksin pertama','1975-09-17'),('3326164909330891','Courtney','Sullivan','087846018990','P','Ship broker','Lanjut usia','Belum divaksin','1978-11-01'),('3326164909331705','Elizabeth','Johnson','087846045951','P','Geneticist, molecular','Lanjut usia','Vaksin pertama','1974-10-06'),('3326164909333336','Jessica','Nicholson','085946028080','L','Science writer','Lanjut usia','Belum divaksin','1988-06-18'),('3326164909334153','Tracey','Jenkins','082300000226','L','Learning disability nurse','Petugas publik','Vaksin ketiga','1989-11-04'),('3326164909334971','Todd','Gutierrez','082300000098','L','Administrator, arts','Lanjut usia','Belum divaksin','1981-05-10'),('3326164909335790','Christopher','Rodriguez','087846073935','L','Conservation officer, nature','Petugas publik','Vaksin ketiga','1997-06-05'),('3326164909336610','Margaret','Oconnor','087846180481','P','Landscape architect','Tenaga kesehatan','Vaksin ketiga','1995-04-21'),('3326164909337431','Anne','Knight','082300000600','P','Producer, radio','Petugas publik','Vaksin ketiga','1980-07-06'),('3326164909338253','Troy','Frederick','082300000208','L','Advertising account planner','Tenaga kesehatan','Vaksin pertama','2003-08-03'),('3326164909339076','Courtney','Dean','085946008610','L','Teacher, secondary school','Lanjut usia','Vaksin kedua','1964-05-02'),('3326164909339900','Tricia','Hubbard','089946000292','P','Designer, interior/spatial','Tenaga kesehatan','Vaksin kedua','2000-02-25'),('3326164909340725','Benjamin','Cooper','085946040986','L','Art therapist','Petugas publik','Vaksin ketiga','2000-01-10'),('3326164909341551','Stephanie','Moreno','082300000368','P','Trade union research officer','Petugas publik','Vaksin pertama','1994-03-10'),('3326164909342378','David','Taylor','087846172605','P','Engineer, maintenance','Petugas publik','Vaksin ketiga','1981-05-09'),('3326164909343206','Stacey','Estes','087846158595','L','Advertising art director','Tenaga kesehatan','Vaksin ketiga','1964-03-26'),('3326164909344035','Abigail','Reynolds','085946037086','P','Naval architect','Petugas publik','Belum divaksin','1997-10-12'),('3326164909344865','Adam','Petty','082300000306','L','Social researcher','Lanjut usia','Vaksin kedua','1962-03-11'),('3326164909345696','Joshua','Castro','089946000194','L','Scientist, research (maths)','Lanjut usia','Vaksin pertama','1988-09-21'),('3326164909346528','Brandon','Morris','087846009453','P','Microbiologist','Masyarakat umum','Vaksin kedua','1999-07-16'),('3326164909347361','Jessica','Johnson','089946000344','P','Personnel officer','Tenaga kesehatan','Vaksin pertama','1973-10-09'),('3326164909348195','Richard','Everett','089946000092','L','Network engineer','Masyarakat umum','Vaksin ketiga','1993-07-28'),('3326164909349030','Rebecca','Park','082300000142','L','Manufacturing engineer','Tenaga kesehatan','Vaksin kedua','1974-05-03'),('3326164909349866','Michael','Yates','082300000540','P','Engineer, production','Masyarakat umum','Vaksin pertama','1989-04-18'),('3326164909350703','Heather','Green','082300000446','L','Pension scheme manager','Petugas publik','Vaksin ketiga','1984-01-10'),('3326164909351541','Samantha','Hill','089946000168','L','Emergency planning/management officer','Petugas publik','Vaksin pertama','1993-04-18'),('3326164909352380','Juan','Woodard','087846171186','P','Haematologist','Masyarakat umum','Vaksin ketiga','1962-04-23'),('3326164909353220','David','Bruce','089946000550','L','Intelligence analyst','Lanjut usia','Belum divaksin','1976-10-12'),('3326164909354061','Michelle','Williams','089946000352','L','Meteorologist','Lanjut usia','Belum divaksin','1993-07-05'),('3326164909354903','Jesus','Thornton','087846112090','P','Ophthalmologist','Petugas publik','Vaksin kedua','2005-04-03'),('3326164909355746','Nicole','Adams','085946006936','L','Quarry manager','Masyarakat umum','Belum divaksin','1979-08-24'),('3326164909356590','Gina','Paul','089946000312','P','Data scientist','Masyarakat umum','Vaksin ketiga','1991-04-21'),('3326164909357435','Donna','Lopez','082300000390','P','Systems analyst','Petugas publik','Vaksin pertama','1998-03-25'),('3326164909358281','Samuel','Garcia','082300000454','L','Personal assistant','Petugas publik','Vaksin kedua','1991-11-05'),('3326164909359128','Abigail','Rasmussen','089946000348','L','Surveyor, rural practice','Lanjut usia','Belum divaksin','1990-05-08'),('3326164909359976','Michael','Lopez','089946000290','L','Surveyor, insurance','Lanjut usia','Vaksin kedua','2002-10-01'),('3326164909360825','Trevor','Williams','087846162756','P','Environmental health practitioner','Tenaga kesehatan','Belum divaksin','1994-09-15'),('3326164909361675','Nicholas','Rollins','087846116451','L','Programmer, systems','Lanjut usia','Vaksin ketiga','2001-09-15'),('3326164909362526','Robert','Lawrence','087846064653','P','Early years teacher','Masyarakat umum','Belum divaksin','1987-04-08'),('3326164909363378','Mary','White','087846097510','L','Passenger transport manager','Lanjut usia','Belum divaksin','1997-04-13'),('3326164909364231','Amanda','Lee','082300000370','L','Conservation officer, historic buildings','Masyarakat umum','Vaksin ketiga','1965-11-23'),('3326164909365085','Megan','Parker','089946000388','L','Immunologist','Masyarakat umum','Belum divaksin','1977-01-24'),('3326164909365940','Steven','Davis','082300000010','P','Clothing/textile technologist','Lanjut usia','Vaksin kedua','1962-05-02'),('3326164909366796','Benjamin','Roy','087846068440','L','Energy manager','Lanjut usia','Vaksin ketiga','1995-08-25'),('3326164909367653','James','Pollard','087846167656','L','Farm manager','Masyarakat umum','Vaksin ketiga','1977-02-05'),('3326164909368511','Nathan','Smith','087846019435','P','Social researcher','Lanjut usia','Vaksin ketiga','2002-07-14'),('3326164909369370','Larry','Lee','087846076720','L','Advertising art director','Tenaga kesehatan','Vaksin kedua','1982-03-26'),('3326164909370230','Christopher','Kane','085946013728','L','Information systems manager','Tenaga kesehatan','Vaksin ketiga','1996-01-25'),('3326164909371091','Katie','Grimes','082300000498','P','Copywriter, advertising','Petugas publik','Belum divaksin','1998-03-09'),('3326164909371953','Jody','Foley','089946000574','P','Holiday representative','Masyarakat umum','Vaksin kedua','1988-09-19'),('3326164909372816','Karen','Chung','082300000324','P','Development worker, community','Petugas publik','Vaksin pertama','1966-09-23'),('3326164909373680','Maxwell','Mcgee','089946000066','P','Engineer, production','Masyarakat umum','Vaksin pertama','1969-08-10'),('3326164909374545','Justin','Kelley','082300000350','L','Health visitor','Lanjut usia','Vaksin pertama','2002-03-02'),('3326164909375411','Gerald','Bernard','082300000186','P','Horticulturist, commercial','Masyarakat umum','Vaksin kedua','1966-08-19'),('3326164909376278','Paul','Lewis','082300000476','P','Editor, film/video','Tenaga kesehatan','Vaksin ketiga','1989-12-12'),('3326164909377146','Brittany','Norris','085946008190','L','Garment/textile technologist','Masyarakat umum','Vaksin kedua','1962-10-17'),('3326164909378015','Rebecca','Harris','085946004866','P','Surveyor, quantity','Tenaga kesehatan','Vaksin pertama','1978-11-07'),('3326164909378885','Timothy','Barron','082300000348','P','Insurance risk surveyor','Petugas publik','Vaksin kedua','1988-10-22'),('3326164909379756','John','Knight','089946000466','L','Forensic psychologist','Masyarakat umum','Vaksin ketiga','2002-03-28'),('3326164909380628','Sandra','Robbins','082300000318','L','Arts development officer','Masyarakat umum','Belum divaksin','1998-06-07'),('3326164909381501','Carolyn','Wilson','082300000408','L','Interior and spatial designer','Masyarakat umum','Vaksin ketiga','1998-05-17'),('3326164909382375','Lauren','Davis','087846066811','P','Radiographer, diagnostic','Masyarakat umum','Belum divaksin','1996-03-05'),('3326164909383250','Theodore','Petersen','087846131125','P','Chartered loss adjuster','Tenaga kesehatan','Belum divaksin','1978-05-11'),('3326164909384126','Scott','Harding','087846098703','L','Quarry manager','Lanjut usia','Vaksin ketiga','1968-03-17'),('3326164909385003','Matthew','Stewart','087846122130','P','Geologist, engineering','Lanjut usia','Vaksin pertama','1979-05-07'),('3326164909385881','Derek','Munoz','082300000242','L','Medical sales representative','Lanjut usia','Vaksin kedua','1976-02-16'),('3326164909386760','Martin','Salas','082300000414','L','Operations geologist','Petugas publik','Vaksin kedua','1988-06-23'),('3326164909387640','Jeremy','Thomas','089946000332','P','Contracting civil engineer','Tenaga kesehatan','Vaksin pertama','1983-10-13'),('3326164909388521','Gina','Ellis','089946000560','L','Health physicist','Tenaga kesehatan','Belum divaksin','1997-11-19'),('3326164909389403','Mary','Evans','087846107778','P','Network engineer','Lanjut usia','Vaksin ketiga','1980-07-28'),('3326164909390286','Elizabeth','Burton','082300000546','P','Designer, exhibition/display','Petugas publik','Vaksin pertama','1976-04-19'),('3326164909391170','Arthur','Conrad','082300000092','P','Magazine features editor','Petugas publik','Vaksin kedua','1963-04-19'),('3326164909392055','James','Collins','089946000044','P','Merchant navy officer','Lanjut usia','Vaksin pertama','1988-12-24'),('3326164909392941','Thomas','Bennett','085530242573','L','Probation officer','Lanjut usia','Vaksin ketiga','1965-04-27'),('3326164909393828','Tammy','Adams','085946026230','L','Product/process development scientist','Masyarakat umum','Vaksin pertama','1989-09-28'),('3326164909394716','Jamie','Reid','085946013296','P','Nutritional therapist','Lanjut usia','Vaksin pertama','1999-08-23'),('3326164909395605','Christina','Valentine','082300000102','P','Marketing executive','Lanjut usia','Belum divaksin','1983-01-09'),('3326164909396495','Erin','Gonzalez','082300000012','P','Quantity surveyor','Petugas publik','Vaksin pertama','1994-12-09'),('3326164909397386','Derek','Miller','082300000070','L','Surveyor, mining','Tenaga kesehatan','Vaksin kedua','1984-06-27'),('3326164909398278','Stephanie','Foley','082300000038','L','Psychotherapist, dance movement','Lanjut usia','Vaksin pertama','1970-03-16'),('3326164909399171','Ronald','Bush','089946000172','L','Animal technologist','Lanjut usia','Vaksin pertama','1974-02-03'),('3326164909400065','Brooke','Frazier','087846186285','P','Prison officer','Lanjut usia','Vaksin pertama','1987-09-01'),('3326164909400960','Matthew','Hopkins','087846191416','P','Race relations officer','Masyarakat umum','Belum divaksin','1990-02-12'),('3326164909401856','Jesse','Wolfe','082300000340','P','Armed forces operational officer','Lanjut usia','Vaksin pertama','1963-08-10'),('3326164909402753','Andrea','Solis','089946000536','L','Surveyor, minerals','Tenaga kesehatan','Vaksin ketiga','2001-10-22'),('3326164909403651','Judith','Scott','082300000468','L','Engineer, technical sales','Petugas publik','Vaksin ketiga','1987-10-03'),('3326164909404550','Patrick','Rhodes','082300000322','L','Politician\'s assistant','Masyarakat umum','Vaksin pertama','1979-02-26'),('3326164909405450','Amy','Stevens','087846037570','P','Agricultural consultant','Tenaga kesehatan','Vaksin pertama','2003-08-13'),('3326164909406351','Tammy','Poole','089946000438','P','Music therapist','Tenaga kesehatan','Vaksin pertama','1975-07-18'),('3326164909407253','Pamela','Heath','082300000338','L','Heritage manager','Tenaga kesehatan','Vaksin pertama','1992-06-27'),('3326164909408156','Eric','Reed','089946000162','L','Scientist, research (physical sciences)','Lanjut usia','Vaksin pertama','1976-07-17'),('3326164909409060','Barbara','Clarke','089946000522','P','Government social research officer','Petugas publik','Vaksin ketiga','1970-05-21'),('3326164909409965','William','Dalton','087846044451','P','Engineer, land','Masyarakat umum','Vaksin ketiga','1960-04-13'),('3326164909410871','Richard','Ruiz','082300000106','L','Research scientist (life sciences)','Masyarakat umum','Vaksin kedua','1970-07-24'),('3326164909411778','Jennifer','Washington','082300000526','P','Engineer, technical sales','Masyarakat umum','Vaksin ketiga','1970-11-12'),('3326164909412686','Linda','Walters','082300000430','P','Psychologist, forensic','Petugas publik','Belum divaksin','1968-03-02'),('3326164909413595','Alfred','Gallagher','087846036603','P','Operational researcher','Masyarakat umum','Vaksin kedua','1985-05-06'),('3326164909414505','Anita','Cuevas','087846102306','L','Music therapist','Masyarakat umum','Vaksin pertama','1997-09-15'),('3326164909415416','Christian','Simon','089946000138','P','Designer, exhibition/display','Tenaga kesehatan','Vaksin kedua','1993-07-12'),('3326164909416328','Emily','Beard','082300000076','L','Merchandiser, retail','Masyarakat umum','Belum divaksin','1986-07-14'),('3326164909417241','Joseph','Rivas','082300000028','L','Engineer, water','Lanjut usia','Belum divaksin','1969-05-27'),('3326164909418155','Mitchell','Massey','089946000400','P','Manufacturing engineer','Masyarakat umum','Belum divaksin','1997-05-06'),('3326164909419070','Jennifer','Smith','082300000332','P','Clinical psychologist','Petugas publik','Vaksin pertama','1973-09-23'),('3326164909419986','Lisa','Rogers','082300000116','P','Games developer','Tenaga kesehatan','Vaksin kedua','1963-01-07'),('3326164909420903','Wendy','Sanchez','089946000232','P','Ergonomist','Tenaga kesehatan','Belum divaksin','1997-09-21'),('3326164909421821','Elizabeth','Duran','089946000520','P','Government social research officer','Masyarakat umum','Vaksin ketiga','1970-04-24'),('3326164909422740','Lisa','Moses','089946000196','L','Special effects artist','Petugas publik','Vaksin kedua','1997-04-04'),('3326164909423660','Emily','Davenport','089946000544','L','Ceramics designer','Masyarakat umum','Vaksin pertama','1967-04-25'),('3326164909424581','Rachel','Dillon','087846059856','P','Actuary','Petugas publik','Vaksin kedua','1990-11-14'),('3326164909425503','Nicholas','Miller','084123857742','L','Engineer, mining','Tenaga kesehatan','Vaksin kedua','2003-02-08'),('3326164909426426','David','Raymond','089946000452','L','Musician','Tenaga kesehatan','Belum divaksin','1970-12-10'),('3326164909427350','Kristen','Reed','087369246113','P','Claims inspector/assessor','Petugas publik','Belum divaksin','1997-10-26'),('3326164909428275','Kelly','Moody','087846016341','P','Diagnostic radiographer','Lanjut usia','Belum divaksin','1996-05-06'),('3326164909429201','Stephanie','Smith','082300000020','P','Government social research officer','Lanjut usia','Vaksin kedua','1977-02-09'),('3326164909430128','Steven','Martin','089946000178','L','Arboriculturist','Petugas publik','Belum divaksin','2001-09-27'),('3326164909431056','Donald','Clark','087846124041','L','Exercise physiologist','Tenaga kesehatan','Vaksin kedua','1999-02-15'),('3326164909431985','Lisa','Johnson','087846109620','L','Office manager','Petugas publik','Vaksin pertama','2001-05-14'),('3326164909432915','Melissa','Walker','082300000112','P','Music tutor','Tenaga kesehatan','Vaksin ketiga','1999-03-21'),('3326164909433846','Alexis','Hunter','082300000006','L','Mechanical engineer','Petugas publik','Belum divaksin','1974-12-22'),('3326164909434778','Kaitlin','Harris','089946000566','P','Designer, blown glass/stained glass','Tenaga kesehatan','Belum divaksin','1963-08-21'),('3326164909435711','Cody','Gordon','089946000496','P','Sports coach','Petugas publik','Belum divaksin','1987-11-19'),('3326164909436645','Amanda','Sweeney','082300000314','L','Paediatric nurse','Lanjut usia','Vaksin kedua','1987-02-25'),('3326164909437580','Michele','Jennings','087846101101','P','Water engineer','Tenaga kesehatan','Vaksin kedua','1985-05-10'),('3326164909438516','Todd','Johnson','089946000148','L','Careers adviser','Lanjut usia','Belum divaksin','1979-09-06'),('3326164909439453','William','Cooper','087846025770','P','Educational psychologist','Tenaga kesehatan','Vaksin kedua','1967-04-02'),('3326164909440391','Carolyn','Strickland','087846093955','P','Contracting civil engineer','Tenaga kesehatan','Vaksin pertama','1976-04-24'),('3326164909441330','Ashley','Hansen','087846079530','P','Retail banker','Tenaga kesehatan','Vaksin kedua','1983-01-04'),('3326164909442270','Angelica','Hill','087846021225','L','Surgeon','Lanjut usia','Vaksin ketiga','2002-12-23'),('3326164909443211','Mary','Harris','089946000136','P','Risk manager','Masyarakat umum','Vaksin kedua','1971-07-13'),('3326164909444153','Krystal','Green','087846156528','L','Radio producer','Tenaga kesehatan','Vaksin pertama','1964-02-27'),('3326164909445096','Eric','Miller','087846019881','L','Buyer, industrial','Petugas publik','Belum divaksin','1995-12-20'),('3326164909446040','Amanda','Price','082300000182','P','Scientist, research (medical)','Masyarakat umum','Vaksin kedua','1996-06-08'),('3326164909446985','Megan','Moore','087846032301','P','Ranger/warden','Petugas publik','Vaksin ketiga','1966-05-14'),('3326164909447931','Antonio','Torres','089946000552','L','Therapist, art','Lanjut usia','Belum divaksin','1982-08-18'),('3326164909448878','Christine','Francis','089946000586','P','Development worker, community','Masyarakat umum','Vaksin ketiga','1991-12-25'),('3326164909449826','Kelly','Young','085946033726','L','Biochemist, clinical','Lanjut usia','Belum divaksin','1985-05-25'),('3326164909450775','Gary','Murray','089946000008','L','Exhibition designer','Masyarakat umum','Vaksin kedua','1983-02-22'),('3326164909451725','Kathy','Walls','089946000540','P','Computer games developer','Lanjut usia','Vaksin ketiga','1963-07-15'),('3326164909452676','Steven','Scott','089946000014','L','Press sub','Petugas publik','Vaksin pertama','1990-05-02'),('3326164909453628','Marie','Brennan','087846085225','P','Animal nutritionist','Masyarakat umum','Vaksin pertama','1999-03-18'),('3326164909454581','Sarah','Rodriguez','089946000404','L','Lecturer, higher education','Petugas publik','Vaksin ketiga','1998-12-08'),('3326164909455535','Roger','Murphy','087846009876','P','Investment banker, corporate','Petugas publik','Belum divaksin','1972-11-08'),('3326164909456490','Christopher','Petersen','087846069531','L','Teacher, English as a foreign language','Lanjut usia','Vaksin kedua','1960-01-22'),('3326164909457446','Peter','Rich','087846157216','L','Phytotherapist','Masyarakat umum','Belum divaksin','1974-09-09'),('3326164909458403','Sean','Munoz','087846197340','L','Transport planner','Lanjut usia','Vaksin pertama','1983-12-28'),('3326164909459361','Connie','Kline','082300000290','L','Scientist, audiological','Tenaga kesehatan','Vaksin pertama','1987-03-02'),('3326164909460320','Nicole','Hall','089946000410','L','Music tutor','Lanjut usia','Belum divaksin','2004-06-26'),('3326164909461280','David','Stevenson','082300000432','L','Dramatherapist','Masyarakat umum','Belum divaksin','1997-01-12'),('3326164909462241','Martha','Allen','082300000050','L','Nurse, mental health','Petugas publik','Vaksin pertama','1965-10-07'),('3326164909463203','Melissa','Boyd','082300000234','P','Colour technologist','Lanjut usia','Vaksin kedua','1980-12-05'),('3326164909464166','Justin','Douglas','082300000054','L','Computer games developer','Masyarakat umum','Vaksin kedua','2005-04-08'),('3326164909465130','Johnny','Lambert','087846080095','L','Accountant, chartered public finance','Petugas publik','Vaksin pertama','1996-06-22'),('3326164909466095','Julia','Grant','087846057226','L','Research officer, government','Lanjut usia','Vaksin kedua','1977-01-15'),('3326164909467061','Janet','Mora','082300000300','L','Copy','Tenaga kesehatan','Vaksin ketiga','1997-03-05'),('3326164909468028','Michael','Howard','085946028545','P','Volunteer coordinator','Masyarakat umum','Vaksin pertama','1978-03-01'),('3326164909468996','Erika','Taylor','082300000516','P','Advertising account executive','Petugas publik','Vaksin ketiga','1971-11-26'),('3326164909469965','Daniel','Ware','085946022126','P','Audiological scientist','Tenaga kesehatan','Vaksin ketiga','2004-01-15'),('3326164909470935','Sarah','Moore','082300000354','P','Community pharmacist','Masyarakat umum','Vaksin pertama','1983-06-26'),('3326164909471906','Jill','Velasquez','089946000324','P','Video editor','Lanjut usia','Vaksin kedua','1999-03-02'),('3326164909472878','Katie','Lane','085946020328','P','Surveyor, commercial/residential','Petugas publik','Belum divaksin','1982-03-07'),('3326164909473851','Aaron','Weaver','082300000126','L','Editor, commissioning','Petugas publik','Vaksin kedua','1968-07-09'),('3326164909474825','Jessica','Green','082300000462','P','Pharmacist, hospital','Tenaga kesehatan','Vaksin pertama','1966-07-11'),('3326164909475800','Rebecca','Tucker','087846029946','L','Minerals surveyor','Tenaga kesehatan','Vaksin pertama','1970-05-07'),('3326164909476776','Jill','Jackson','082300000146','L','Neurosurgeon','Lanjut usia','Vaksin kedua','1978-04-07'),('3326164909477753','Lori','Rogers','089946000504','P','Engineer, water','Petugas publik','Belum divaksin','1974-06-09'),('3326164909478731','Karen','Hawkins','089946000570','P','Accountant, chartered certified','Petugas publik','Belum divaksin','1985-06-11'),('3326164909479710','William','Owen','082300000444','L','Dealer','Lanjut usia','Vaksin ketiga','1992-05-18'),('3326164909480690','Joshua','Luna','087846054103','L','Heritage manager','Petugas publik','Vaksin kedua','2002-02-18'),('3326164909481671','Claire','Jones','082300000100','P','Scientist, research (life sciences)','Lanjut usia','Vaksin ketiga','1982-09-09'),('3326164909482653','Jessica','Phillips','089946000596','L','Energy engineer','Petugas publik','Belum divaksin','1981-05-07'),('3326164909483636','Gloria','Barber','082300000144','P','Research officer, trade union','Lanjut usia','Vaksin pertama','1982-01-15'),('3326164909484620','Arthur','Mendez','082300000272','L','Restaurant manager','Masyarakat umum','Vaksin ketiga','2005-04-16'),('3326164909485605','Scott','Carter','089946000016','L','Archivist','Lanjut usia','Belum divaksin','1982-02-15'),('3326164909486591','Anthony','Welch','085946036121','L','Administrator','Tenaga kesehatan','Belum divaksin','1985-12-11'),('3326164909487578','Jeffrey','Walls','082300000500','P','Paediatric nurse','Tenaga kesehatan','Vaksin kedua','1974-12-27'),('3326164909488566','Kevin','Smith','087846004866','P','Nature conservation officer','Masyarakat umum','Vaksin pertama','1977-07-18'),('3326164909489555','Sherry','Alvarez','089946000090','P','Pensions consultant','Petugas publik','Vaksin pertama','1999-12-09'),('3326164909490545','Donald','Taylor','087846051528','P','Legal secretary','Tenaga kesehatan','Vaksin kedua','1985-02-04'),('3326164909491536','Christopher','Boyer','089946000058','L','Data processing manager','Masyarakat umum','Vaksin pertama','2003-04-02'),('3326164909492528','Nicole','Jenkins','087846015466','L','Set designer','Tenaga kesehatan','Vaksin kedua','1964-02-12'),('3326164909493521','Scott','Kelly','087846091605','P','Diagnostic radiographer','Tenaga kesehatan','Vaksin kedua','1961-10-09'),('3326164909494515','John','Macias','089946000150','P','TEFL teacher','Lanjut usia','Belum divaksin','1972-05-09'),('3326164909495510','William','Patterson','089946000048','P','Therapist, speech and language','Petugas publik','Vaksin pertama','1976-09-12'),('3326164909496506','Leslie','Rose','087846099301','P','Investment analyst','Petugas publik','Vaksin kedua','1973-12-24'),('3326164909497503','Paul','Walker','085946012006','L','Civil Service administrator','Lanjut usia','Belum divaksin','1965-02-08'),('3326164909498501','Christopher','Ortiz','087846077280','P','Administrator, education','Masyarakat umum','Vaksin ketiga','1986-09-26'),('3326164909499500','Olivia','Shaw','087846057750','P','Tourist information centre manager','Lanjut usia','Belum divaksin','1972-10-15'),('3326164909500500','Lisa','Wagner','089946000306','P','Higher education lecturer','Masyarakat umum','Vaksin kedua','1964-12-28');
/*!40000 ALTER TABLE `penduduk` ENABLE KEYS */;
UNLOCK TABLES;

--
-- Table structure for table `penyakit`
--

DROP TABLE IF EXISTS `penyakit`;
/*!40101 SET @saved_cs_client     = @@character_set_client */;
/*!40101 SET character_set_client = utf8 */;
CREATE TABLE `penyakit` (
  `ID` int(10) unsigned NOT NULL AUTO_INCREMENT,
  `Nama` varchar(255) NOT NULL,
  PRIMARY KEY (`ID`)
) ENGINE=InnoDB AUTO_INCREMENT=101 DEFAULT CHARSET=latin1;
/*!40101 SET character_set_client = @saved_cs_client */;

--
-- Dumping data for table `penyakit`
--

LOCK TABLES `penyakit` WRITE;
/*!40000 ALTER TABLE `penyakit` DISABLE KEYS */;
INSERT INTO `penyakit` (`ID`, `Nama`) VALUES (1,'Influenza'),(2,'TBC'),(3,'Muntaber'),(4,'Cacar Air'),(5,'Tifus'),(6,'Campak'),(7,'Pneumonia'),(8,'Hepatitis'),(9,'Kolera'),(10,'Polio'),(11,'Ebola'),(12,'AIDS'),(13,'DBD'),(14,'Rabies'),(15,'Kurap'),(16,'Malaria'),(17,'Cacingan'),(18,'Titanus'),(19,'SARS'),(20,'Rubella'),(21,'Flu Burung'),(22,'Chikungunya'),(23,'Demam Kuning'),(24,'Anthrax'),(25,'Leptospirosis'),(26,'Abses Paru'),(27,'Abses Gigi'),(28,'ADHD'),(29,'Amnesia'),(30,'Anemia'),(31,'Asma'),(32,'Bronkitis'),(33,'Depresi'),(34,'Difteri'),(35,'Diabetes'),(36,'Diare'),(37,'Beri-Beri'),(38,'Disentri'),(39,'Eksem'),(40,'Epilepsi'),(41,'Filariasis'),(42,'Fraktur Humerus'),(43,'Gagal Ginjal'),(44,'Gagal Jantung'),(45,'Hipotiroid'),(46,'Gastroparesis'),(47,'Hernia'),(48,'Herpes'),(49,'Hipertensi'),(50,'Hiperteroid'),(51,'Askariasis'),(52,'Ileus'),(53,'Entrobiasis'),(54,'Infertilitas'),(55,'Jamur Kuku'),(56,'Jamur Kepala'),(57,'Leukimia'),(58,'Katarak'),(59,'Kanker Paru'),(60,'Kanker Ovarium'),(61,'Kanker Serviks'),(62,'Hemofilia'),(63,'Gonorrhea'),(64,'Kudis'),(65,'Kista'),(66,'Labirintis'),(67,'Migrain'),(68,'Mastitis'),(69,'Panu'),(70,'Varises'),(71,'GERD'),(72,'Demensia'),(73,'Glaukoma'),(74,'Parkinson'),(75,'Pleuritis'),(76,'Pilek'),(77,'Batuk'),(78,'Pankreatitis'),(79,'Gastritis'),(80,'Miopia'),(81,'Bronkiolitis'),(82,'Prostatitis'),(83,'Viral Meningitis'),(84,'Sariawan'),(85,'Maag'),(86,'Sifilis'),(87,'Sinusitis'),(88,'Astigmatisme'),(89,'Tumor'),(90,'Apendisitis'),(91,'Volvulus'),(92,'Vaginitis'),(93,'Wasir'),(94,'Xanthelasma'),(95,'Faringitis'),(96,'Hipermetropia'),(97,'Gingivitis'),(98,'Ruptur Ginjal'),(99,'Carpal Tunnel'),(100,'ACL');
/*!40000 ALTER TABLE `penyakit` ENABLE KEYS */;
UNLOCK TABLES;

--
-- Table structure for table `provinsi`
--

DROP TABLE IF EXISTS `provinsi`;
/*!40101 SET @saved_cs_client     = @@character_set_client */;
/*!40101 SET character_set_client = utf8 */;
CREATE TABLE `provinsi` (
  `ID` int(10) unsigned NOT NULL AUTO_INCREMENT,
  `Nama` varchar(255) NOT NULL,
  PRIMARY KEY (`ID`)
) ENGINE=InnoDB AUTO_INCREMENT=35 DEFAULT CHARSET=latin1;
/*!40101 SET character_set_client = @saved_cs_client */;

--
-- Dumping data for table `provinsi`
--

LOCK TABLES `provinsi` WRITE;
/*!40000 ALTER TABLE `provinsi` DISABLE KEYS */;
INSERT INTO `provinsi` (`ID`, `Nama`) VALUES (1,'Aceh'),(2,'Sumatra Utara'),(3,'Sumatra Barat'),(4,'Riau'),(5,'Jambi'),(6,'Kepulauan Riau'),(7,'Bengkulu'),(8,'Sumatra Selatan'),(9,'Kepulauan Bangka Belitung'),(10,'Lampung'),(11,'Banten'),(12,'DKI Jakarta'),(13,'Jawa Barat'),(14,'Jawa Tengah'),(15,'DI Yogyakarta'),(16,'Jawa Timur'),(17,'Bali'),(18,'NTB'),(19,'NTT'),(20,'Kalimantan Barat'),(21,'Kalimantan Tengah'),(22,'Kalimantan Selatan'),(23,'Kalimantan Timur'),(24,'Kalimantan Utara'),(25,'Sulawesi Barat'),(26,'Sulawesi Selatan'),(27,'Sulawesi Tenggara'),(28,'Sulawesi Tengah'),(29,'Gorontalo'),(30,'Sulawesi Utara'),(31,'Maluku Utara'),(32,'Maluku'),(33,'Papua Barat'),(34,'Papua');
/*!40000 ALTER TABLE `provinsi` ENABLE KEYS */;
UNLOCK TABLES;

--
-- Table structure for table `puskesmas`
--

DROP TABLE IF EXISTS `puskesmas`;
/*!40101 SET @saved_cs_client     = @@character_set_client */;
/*!40101 SET character_set_client = utf8 */;
CREATE TABLE `puskesmas` (
  `ID` int(10) unsigned NOT NULL,
  `IsRawatInap` tinyint(1) NOT NULL,
  PRIMARY KEY (`ID`),
  CONSTRAINT `puskesmas_ibfk_1` FOREIGN KEY (`ID`) REFERENCES `fasilitas_kesehatan` (`ID`) ON DELETE CASCADE
) ENGINE=InnoDB DEFAULT CHARSET=latin1;
/*!40101 SET character_set_client = @saved_cs_client */;

--
-- Dumping data for table `puskesmas`
--

LOCK TABLES `puskesmas` WRITE;
/*!40000 ALTER TABLE `puskesmas` DISABLE KEYS */;
INSERT INTO `puskesmas` (`ID`, `IsRawatInap`) VALUES (3,0),(9,1),(10,0),(11,1),(13,1),(15,0),(18,0),(26,1),(29,1),(32,0),(35,0),(37,1),(39,1),(40,0),(41,0),(42,1),(51,1),(53,0),(55,1),(56,0),(60,0),(63,1),(65,1),(70,1),(74,1),(77,1),(78,1),(80,1),(84,0),(86,1),(88,0),(89,0),(91,0),(94,0),(100,0),(102,0),(104,0),(106,0),(109,1),(111,1),(113,1),(116,1),(119,0),(120,1),(122,0),(125,0),(128,1),(132,1),(133,0),(134,0),(138,0),(142,1),(144,0),(145,1),(146,0),(149,0),(151,0),(152,1),(155,0),(158,0),(159,1),(160,1),(163,0),(164,1),(168,0),(170,0),(176,1),(177,1),(190,1),(191,0),(195,1),(198,0),(204,0),(206,0),(207,1),(211,1),(212,1),(213,1),(216,0),(218,0),(225,0),(227,0),(230,1),(234,1),(239,0),(242,1),(245,0),(246,0);
/*!40000 ALTER TABLE `puskesmas` ENABLE KEYS */;
UNLOCK TABLES;

--
-- Table structure for table `rumah_sakit`
--

DROP TABLE IF EXISTS `rumah_sakit`;
/*!40101 SET @saved_cs_client     = @@character_set_client */;
/*!40101 SET character_set_client = utf8 */;
CREATE TABLE `rumah_sakit` (
  `ID` int(10) unsigned NOT NULL,
  `Kepemilikkan` enum('Negeri','Swasta') NOT NULL,
  `Kelas` enum('1','2','3') NOT NULL,
  PRIMARY KEY (`ID`),
  CONSTRAINT `rumah_sakit_ibfk_1` FOREIGN KEY (`ID`) REFERENCES `fasilitas_kesehatan` (`ID`) ON DELETE CASCADE
) ENGINE=InnoDB DEFAULT CHARSET=latin1;
/*!40101 SET character_set_client = @saved_cs_client */;

--
-- Dumping data for table `rumah_sakit`
--

LOCK TABLES `rumah_sakit` WRITE;
/*!40000 ALTER TABLE `rumah_sakit` DISABLE KEYS */;
INSERT INTO `rumah_sakit` (`ID`, `Kepemilikkan`, `Kelas`) VALUES (1,'Negeri','2'),(4,'Negeri','1'),(6,'Swasta','3'),(14,'Negeri','1'),(17,'Negeri','2'),(19,'Swasta','2'),(22,'Swasta','3'),(23,'Negeri','1'),(24,'Negeri','3'),(30,'Negeri','2'),(31,'Swasta','3'),(38,'Negeri','2'),(43,'Swasta','3'),(45,'Swasta','1'),(46,'Negeri','2'),(48,'Swasta','1'),(50,'Swasta','1'),(52,'Negeri','3'),(54,'Swasta','1'),(57,'Swasta','2'),(59,'Swasta','1'),(62,'Negeri','3'),(67,'Swasta','3'),(68,'Negeri','2'),(72,'Swasta','2'),(73,'Negeri','3'),(75,'Negeri','3'),(76,'Swasta','1'),(81,'Negeri','2'),(90,'Negeri','2'),(96,'Swasta','2'),(99,'Swasta','1'),(101,'Negeri','1'),(105,'Swasta','2'),(107,'Swasta','3'),(115,'Negeri','1'),(118,'Negeri','3'),(121,'Negeri','2'),(123,'Swasta','3'),(124,'Negeri','3'),(127,'Swasta','3'),(130,'Swasta','1'),(139,'Swasta','3'),(140,'Swasta','1'),(141,'Swasta','2'),(143,'Negeri','3'),(148,'Negeri','3'),(153,'Swasta','2'),(154,'Negeri','2'),(157,'Swasta','3'),(161,'Negeri','1'),(162,'Swasta','3'),(166,'Swasta','3'),(171,'Swasta','3'),(180,'Negeri','1'),(183,'Swasta','3'),(185,'Negeri','3'),(192,'Swasta','2'),(196,'Swasta','2'),(197,'Swasta','1'),(202,'Negeri','3'),(205,'Negeri','3'),(208,'Negeri','1'),(209,'Swasta','3'),(210,'Negeri','3'),(215,'Negeri','2'),(217,'Swasta','3'),(219,'Swasta','1'),(221,'Negeri','3'),(222,'Negeri','3'),(226,'Swasta','2'),(228,'Negeri','2'),(233,'Negeri','2'),(236,'Negeri','1'),(238,'Negeri','3'),(240,'Negeri','3'),(244,'Negeri','2'),(247,'Negeri','2'),(248,'Negeri','2');
/*!40000 ALTER TABLE `rumah_sakit` ENABLE KEYS */;
UNLOCK TABLES;
/*!40103 SET TIME_ZONE=@OLD_TIME_ZONE */;

/*!40101 SET SQL_MODE=@OLD_SQL_MODE */;
/*!40014 SET FOREIGN_KEY_CHECKS=@OLD_FOREIGN_KEY_CHECKS */;
/*!40014 SET UNIQUE_CHECKS=@OLD_UNIQUE_CHECKS */;
/*!40101 SET CHARACTER_SET_CLIENT=@OLD_CHARACTER_SET_CLIENT */;
/*!40101 SET CHARACTER_SET_RESULTS=@OLD_CHARACTER_SET_RESULTS */;
/*!40101 SET COLLATION_CONNECTION=@OLD_COLLATION_CONNECTION */;
/*!40111 SET SQL_NOTES=@OLD_SQL_NOTES */;

-- Dump completed on 2022-04-08 14:21:05
